{"deviceType":"phone,tablet","checkEntry":"true","localPropertiesPath":"E:\\huawei\\project\\Rdb\\local.properties","Path":"E:\\huawei\\nodejs\\","note":"false","aceProfilePath":"E:\\huawei\\project\\Rdb\\entry\\.preview\\default\\intermediates\\res\\default\\resources\\base\\profile","isPreview":"true","hapMode":"false","buildMode":"debug","img2bin":"true","projectProfilePath":"E:\\huawei\\project\\Rdb\\build-profile.json5","watchMode":"true","appResource":"E:\\huawei\\project\\Rdb\\entry\\.preview\\default\\intermediates\\res\\default\\ResourceTable.txt","logLevel":"3","stageRouterConfig":{"contents":["{\"module\":{\"pages\":\"$profile:main_pages\",\"name\":\"entry\"}}","{\"src\":[\"pages/MainPage\",\"pages/showPage\"]}"],"paths":["E:\\huawei\\project\\Rdb\\entry\\.preview\\default\\intermediates\\res\\default\\module.json","E:\\huawei\\project\\Rdb\\entry\\.preview\\default\\intermediates\\res\\default\\resources\\base\\profile\\main_pages.json"]},"port":"29900","aceBuildJson":"E:\\huawei\\project\\Rdb\\entry\\.preview\\default\\intermediates\\loader\\default\\loader.json","aceModuleRoot":"E:\\huawei\\project\\Rdb\\entry\\src\\main\\ets","aceSoPath":"E:\\huawei\\project\\Rdb\\entry\\.preview\\cache\\nativeDependencies.txt","cachePath":"E:\\huawei\\project\\Rdb\\entry\\.preview\\cache","aceModuleBuild":"E:\\huawei\\project\\Rdb\\entry\\.preview\\default\\intermediates\\assets\\default\\ets","aceSuperVisualPath":"E:\\huawei\\project\\Rdb\\entry\\src\\main\\supervisual","aceModuleJsonPath":"E:\\huawei\\project\\Rdb\\entry\\.preview\\default\\intermediates\\res\\default\\module.json"}