{"E:\\huawei\\project\\Rdb\\AppScope\\app.json5":{"hashValue":"7520850a28fb7136b3cf739198f954c9","name":"app.json5","path":"E:\\huawei\\project\\Rdb\\AppScope\\app.json5","type":"file","isSymbolicLink":false,"fileMetaData":{"size":210,"lastModifiedTime":1697790998000}},"E:\\huawei\\project\\Rdb\\entry\\src\\main\\module.json5":{"hashValue":"34399e10ca6b151b2d82555c4b86b17a","name":"module.json5","path":"E:\\huawei\\project\\Rdb\\entry\\src\\main\\module.json5","type":"file","isSymbolicLink":false,"fileMetaData":{"size":916,"lastModifiedTime":1697790998000}},"E:\\huawei\\project\\Rdb\\entry\\build\\default\\intermediates\\hap_metadata\\default\\output_metadata.json":{"hashValue":"f728dc99afe7c278eabdd69917ba4bfe","name":"output_metadata.json","path":"E:\\huawei\\project\\Rdb\\entry\\build\\default\\intermediates\\hap_metadata\\default\\output_metadata.json","type":"file","isSymbolicLink":false,"fileMetaData":{"size":93,"lastModifiedTime":1700477471621}},"E:\\huawei\\project\\Rdb\\entry\\build\\default\\intermediates\\merge_profile\\default\\module.json":{"hashValue":"ec9ca58e2cbb67cd3ad5838c4d02fb40","name":"module.json","path":"E:\\huawei\\project\\Rdb\\entry\\build\\default\\intermediates\\merge_profile\\default\\module.json","type":"file","isSymbolicLink":false,"fileMetaData":{"size":1035,"lastModifiedTime":1700893131002}},"E:\\huawei\\project\\Rdb\\entry\\build\\default\\intermediates\\loader\\default\\loader.json":{"hashValue":"80d8a9ce9557c13db4ac382ff686625c","name":"loader.json","path":"E:\\huawei\\project\\Rdb\\entry\\build\\default\\intermediates\\loader\\default\\loader.json","type":"file","isSymbolicLink":false,"fileMetaData":{"size":318,"lastModifiedTime":1700893131008}},"E:\\huawei\\project\\Rdb\\entry\\build\\default\\outputs\\default\\pack.info":{"hashValue":"3c54dbdf0a5cca5c8a1e3d1ae1dfee7f","name":"pack.info","path":"E:\\huawei\\project\\Rdb\\entry\\build\\default\\outputs\\default\\pack.info","type":"file","isSymbolicLink":false,"fileMetaData":{"size":532,"lastModifiedTime":1700477471661}},"E:\\huawei\\project\\Rdb\\entry\\build\\default\\intermediates\\process_profile\\default\\module.json":{"hashValue":"e3cb028cec0b9cb70f09a3f5a43f4b27","name":"module.json","path":"E:\\huawei\\project\\Rdb\\entry\\build\\default\\intermediates\\process_profile\\default\\module.json","type":"file","isSymbolicLink":false,"fileMetaData":{"size":1120,"lastModifiedTime":1700893131135}},"E:\\huawei\\project\\Rdb\\entry\\build\\default\\intermediates\\res\\default\\resConfig.json":{"hashValue":"719f6b9d86be6a5f8590b5aee2c58d10","name":"resConfig.json","path":"E:\\huawei\\project\\Rdb\\entry\\build\\default\\intermediates\\res\\default\\resConfig.json","type":"file","isSymbolicLink":false,"fileMetaData":{"size":533,"lastModifiedTime":1700477471819}},"E:\\huawei\\project\\Rdb\\entry\\build\\default\\intermediates\\libs\\default":{"hashValue":"","name":"default","path":"E:\\huawei\\project\\Rdb\\entry\\build\\default\\intermediates\\libs\\default","type":"directory","isSymbolicLink":false,"children":[]},"E:\\huawei\\project\\Rdb\\entry\\src\\main\\resources":{"hashValue":"03a5b4a070f6d2cce2f72a7e4a146f50","name":"resources","path":"E:\\huawei\\project\\Rdb\\entry\\src\\main\\resources","type":"directory","isSymbolicLink":false,"children":[{"hashValue":"957c1cc1010d27cc25a606fbb7cab19f","name":"base","path":"E:\\huawei\\project\\Rdb\\entry\\src\\main\\resources\\base","type":"directory","isSymbolicLink":false,"children":[{"hashValue":"0f132598fa4a5c7dadf8feeaa5f7bac5","name":"element","path":"E:\\huawei\\project\\Rdb\\entry\\src\\main\\resources\\base\\element","type":"directory","isSymbolicLink":false,"children":[{"hashValue":"6ea4fd4113b5ae597f5f5b982b06018c","name":"color.json","path":"E:\\huawei\\project\\Rdb\\entry\\src\\main\\resources\\base\\element\\color.json","type":"file","isSymbolicLink":false,"fileMetaData":{"size":382,"lastModifiedTime":1697790998000}},{"hashValue":"03957e4c1cdd2d80a6244d0d15a575dc","name":"pixel.json","path":"E:\\huawei\\project\\Rdb\\entry\\src\\main\\resources\\base\\element\\pixel.json","type":"file","isSymbolicLink":false,"fileMetaData":{"size":1986,"lastModifiedTime":1697790998000}},{"hashValue":"de453faaa5b21e5aa0b7a4a9f6b2c5db","name":"string.json","path":"E:\\huawei\\project\\Rdb\\entry\\src\\main\\resources\\base\\element\\string.json","type":"file","isSymbolicLink":false,"fileMetaData":{"size":688,"lastModifiedTime":1697790998000}}]},{"hashValue":"993455ca82af0344fbbc80db42caf33a","name":"media","path":"E:\\huawei\\project\\Rdb\\entry\\src\\main\\resources\\base\\media","type":"directory","isSymbolicLink":false,"children":[{"hashValue":"4151536d1d12f8a9b60760c2866eb28a","name":"icon.png","path":"E:\\huawei\\project\\Rdb\\entry\\src\\main\\resources\\base\\media\\icon.png","type":"file","isSymbolicLink":false,"fileMetaData":{"size":6790,"lastModifiedTime":1697790998000}},{"hashValue":"7c05d9b3f9f262c83bec538f50b491bc","name":"icon1.png","path":"E:\\huawei\\project\\Rdb\\entry\\src\\main\\resources\\base\\media\\icon1.png","type":"file","isSymbolicLink":false,"fileMetaData":{"size":6817,"lastModifiedTime":1697790998000}}]},{"hashValue":"ff1e4c21172a336fcc156da67b688cd7","name":"profile","path":"E:\\huawei\\project\\Rdb\\entry\\src\\main\\resources\\base\\profile","type":"directory","isSymbolicLink":false,"children":[{"hashValue":"ac3cd43317eeb6ab83c263dcdd249b28","name":"main_pages.json","path":"E:\\huawei\\project\\Rdb\\entry\\src\\main\\resources\\base\\profile\\main_pages.json","type":"file","isSymbolicLink":false,"fileMetaData":{"size":66,"lastModifiedTime":1700891493924}}]}]},{"hashValue":"738a5369e1d83543ce49df575755a59f","name":"rawfile","path":"E:\\huawei\\project\\Rdb\\entry\\src\\main\\resources\\rawfile","type":"directory","isSymbolicLink":false,"children":[{"hashValue":"357e452e084e20c7337809a2eb091a0b","name":"111.png","path":"E:\\huawei\\project\\Rdb\\entry\\src\\main\\resources\\rawfile\\111.png","type":"file","isSymbolicLink":false,"fileMetaData":{"size":61768,"lastModifiedTime":1700552848457}},{"hashValue":"710b16bc4f9114a8a7b34da1dd347535","name":"add.png","path":"E:\\huawei\\project\\Rdb\\entry\\src\\main\\resources\\rawfile\\add.png","type":"file","isSymbolicLink":false,"fileMetaData":{"size":5415,"lastModifiedTime":1697790998000}},{"hashValue":"fff0578819f40912507461e644a87528","name":"delete.png","path":"E:\\huawei\\project\\Rdb\\entry\\src\\main\\resources\\rawfile\\delete.png","type":"file","isSymbolicLink":false,"fileMetaData":{"size":7908,"lastModifiedTime":1697790998000}},{"hashValue":"53c948aa1e0f0e99db99b248846d8cd2","name":"find.png","path":"E:\\huawei\\project\\Rdb\\entry\\src\\main\\resources\\rawfile\\find.png","type":"file","isSymbolicLink":false,"fileMetaData":{"size":3827,"lastModifiedTime":1700567299744}},{"hashValue":"2fcc782b437defcf1a88217c551835e6","name":"foods_selected.png","path":"E:\\huawei\\project\\Rdb\\entry\\src\\main\\resources\\rawfile\\foods_selected.png","type":"file","isSymbolicLink":false,"fileMetaData":{"size":4689,"lastModifiedTime":1697790998000}},{"hashValue":"c73bf440984a1c7a14ffd4e844437313","name":"foods.png","path":"E:\\huawei\\project\\Rdb\\entry\\src\\main\\resources\\rawfile\\foods.png","type":"file","isSymbolicLink":false,"fileMetaData":{"size":6233,"lastModifiedTime":1697790998000}},{"hashValue":"f81c43a701cd4790b193e518987bcb33","name":"fuel_selected.png","path":"E:\\huawei\\project\\Rdb\\entry\\src\\main\\resources\\rawfile\\fuel_selected.png","type":"file","isSymbolicLink":false,"fileMetaData":{"size":5214,"lastModifiedTime":1697790998000}},{"hashValue":"e23d8177b1b98485c55781100a9077d8","name":"fuel.png","path":"E:\\huawei\\project\\Rdb\\entry\\src\\main\\resources\\rawfile\\fuel.png","type":"file","isSymbolicLink":false,"fileMetaData":{"size":6832,"lastModifiedTime":1697790998000}},{"hashValue":"d7f1c3fa905c1d2d9975683e59119045","name":"games_selected.png","path":"E:\\huawei\\project\\Rdb\\entry\\src\\main\\resources\\rawfile\\games_selected.png","type":"file","isSymbolicLink":false,"fileMetaData":{"size":5500,"lastModifiedTime":1697790998000}},{"hashValue":"88421a7cadd8c959ec766fce5a32e324","name":"games.png","path":"E:\\huawei\\project\\Rdb\\entry\\src\\main\\resources\\rawfile\\games.png","type":"file","isSymbolicLink":false,"fileMetaData":{"size":7148,"lastModifiedTime":1697790998000}},{"hashValue":"54a4497efb41c7b76f95d639b50ca455","name":"half.png","path":"E:\\huawei\\project\\Rdb\\entry\\src\\main\\resources\\rawfile\\half.png","type":"file","isSymbolicLink":false,"fileMetaData":{"size":2323,"lastModifiedTime":1697790998000}},{"hashValue":"49b3fc5245c5f8407b026422b0794ed9","name":"ic_public_edit.svg","path":"E:\\huawei\\project\\Rdb\\entry\\src\\main\\resources\\rawfile\\ic_public_edit.svg","type":"file","isSymbolicLink":false,"fileMetaData":{"size":2725,"lastModifiedTime":1697790998000}},{"hashValue":"001c87ec62743d05e4ade7a1744ce585","name":"ic_public_input_search.svg","path":"E:\\huawei\\project\\Rdb\\entry\\src\\main\\resources\\rawfile\\ic_public_input_search.svg","type":"file","isSymbolicLink":false,"fileMetaData":{"size":1892,"lastModifiedTime":1697790998000}},{"hashValue":"4151536d1d12f8a9b60760c2866eb28a","name":"icon.png","path":"E:\\huawei\\project\\Rdb\\entry\\src\\main\\resources\\rawfile\\icon.png","type":"file","isSymbolicLink":false,"fileMetaData":{"size":6790,"lastModifiedTime":1697790998000}},{"hashValue":"7c05d9b3f9f262c83bec538f50b491bc","name":"icon1.png","path":"E:\\huawei\\project\\Rdb\\entry\\src\\main\\resources\\rawfile\\icon1.png","type":"file","isSymbolicLink":false,"fileMetaData":{"size":6817,"lastModifiedTime":1697790998000}},{"hashValue":"6f96df0987a440def2a06892a8f994b8","name":"income_selected.png","path":"E:\\huawei\\project\\Rdb\\entry\\src\\main\\resources\\rawfile\\income_selected.png","type":"file","isSymbolicLink":false,"fileMetaData":{"size":5208,"lastModifiedTime":1697790998000}},{"hashValue":"36421d6f26386daeb4ae77e58f2f4aaf","name":"income.png","path":"E:\\huawei\\project\\Rdb\\entry\\src\\main\\resources\\rawfile\\income.png","type":"file","isSymbolicLink":false,"fileMetaData":{"size":6544,"lastModifiedTime":1697790998000}},{"hashValue":"559e4e56fa2eff8135f0677e6d758736","name":"invest_selected.png","path":"E:\\huawei\\project\\Rdb\\entry\\src\\main\\resources\\rawfile\\invest_selected.png","type":"file","isSymbolicLink":false,"fileMetaData":{"size":4298,"lastModifiedTime":1697790998000}},{"hashValue":"f2a6c1931b17a33228c8e17e40c0c4f9","name":"invest.png","path":"E:\\huawei\\project\\Rdb\\entry\\src\\main\\resources\\rawfile\\invest.png","type":"file","isSymbolicLink":false,"fileMetaData":{"size":5731,"lastModifiedTime":1697790998000}},{"hashValue":"9035b813ab18947cc5b5e7e20f9f953f","name":"pets_selected.png","path":"E:\\huawei\\project\\Rdb\\entry\\src\\main\\resources\\rawfile\\pets_selected.png","type":"file","isSymbolicLink":false,"fileMetaData":{"size":6224,"lastModifiedTime":1697790998000}},{"hashValue":"50e76177685eec25db3f6bfa9938d937","name":"pets.png","path":"E:\\huawei\\project\\Rdb\\entry\\src\\main\\resources\\rawfile\\pets.png","type":"file","isSymbolicLink":false,"fileMetaData":{"size":8100,"lastModifiedTime":1697790998000}},{"hashValue":"2242039e1db0b6f731956c0c34708856","name":"search.png","path":"E:\\huawei\\project\\Rdb\\entry\\src\\main\\resources\\rawfile\\search.png","type":"file","isSymbolicLink":false,"fileMetaData":{"size":3478,"lastModifiedTime":1700811642745}},{"hashValue":"f2c17281f3e39b4df4a2e240a47eb2f0","name":"show.png","path":"E:\\huawei\\project\\Rdb\\entry\\src\\main\\resources\\rawfile\\show.png","type":"file","isSymbolicLink":false,"fileMetaData":{"size":2916,"lastModifiedTime":1700900916225}},{"hashValue":"3df14bcf6adc8803234bbf61d5b7b44a","name":"snacks_selected.png","path":"E:\\huawei\\project\\Rdb\\entry\\src\\main\\resources\\rawfile\\snacks_selected.png","type":"file","isSymbolicLink":false,"fileMetaData":{"size":5592,"lastModifiedTime":1697790998000}},{"hashValue":"c49c692160e4bdec978ac5cb3ebe3ab8","name":"snacks.png","path":"E:\\huawei\\project\\Rdb\\entry\\src\\main\\resources\\rawfile\\snacks.png","type":"file","isSymbolicLink":false,"fileMetaData":{"size":7235,"lastModifiedTime":1697790998000}},{"hashValue":"b3e2b4120e1a131e2abcfb9e34152bdb","name":"travel_selected.png","path":"E:\\huawei\\project\\Rdb\\entry\\src\\main\\resources\\rawfile\\travel_selected.png","type":"file","isSymbolicLink":false,"fileMetaData":{"size":4860,"lastModifiedTime":1697790998000}},{"hashValue":"43000418b63180c815b4b4113cf2d56e","name":"travel.png","path":"E:\\huawei\\project\\Rdb\\entry\\src\\main\\resources\\rawfile\\travel.png","type":"file","isSymbolicLink":false,"fileMetaData":{"size":6395,"lastModifiedTime":1697790998000}}]}]},"E:\\huawei\\project\\Rdb\\AppScope\\resources":{"hashValue":"2ce59069f292edd82a647bec4ba8b6d9","name":"resources","path":"E:\\huawei\\project\\Rdb\\AppScope\\resources","type":"directory","isSymbolicLink":false,"children":[{"hashValue":"6e76f1102445cd0c6d56ab4864a01916","name":"base","path":"E:\\huawei\\project\\Rdb\\AppScope\\resources\\base","type":"directory","isSymbolicLink":false,"children":[{"hashValue":"4c78d74ea290d6ee350a564facff7143","name":"element","path":"E:\\huawei\\project\\Rdb\\AppScope\\resources\\base\\element","type":"directory","isSymbolicLink":false,"children":[{"hashValue":"8c125daf985769bd157c19639bf463ff","name":"string.json","path":"E:\\huawei\\project\\Rdb\\AppScope\\resources\\base\\element\\string.json","type":"file","isSymbolicLink":false,"fileMetaData":{"size":89,"lastModifiedTime":1697790998000}}]},{"hashValue":"2bb0b79b64eda550122344927d9adb30","name":"media","path":"E:\\huawei\\project\\Rdb\\AppScope\\resources\\base\\media","type":"directory","isSymbolicLink":false,"children":[{"hashValue":"8beac43c614efdfa9dd192fdc4609976","name":"app_icon.png","path":"E:\\huawei\\project\\Rdb\\AppScope\\resources\\base\\media\\app_icon.png","type":"file","isSymbolicLink":false,"fileMetaData":{"size":6790,"lastModifiedTime":1697790998000}}]}]}]},"E:\\huawei\\project\\Rdb\\entry\\build\\default\\intermediates\\res\\default":{"hashValue":"4a1b5d9e0b0af8373d12e80b32485785","name":"default","path":"E:\\huawei\\project\\Rdb\\entry\\build\\default\\intermediates\\res\\default","type":"directory","isSymbolicLink":false,"children":[{"hashValue":"74a61dcbe79477cfeb483bf65a707b29","name":"module.json","path":"E:\\huawei\\project\\Rdb\\entry\\build\\default\\intermediates\\res\\default\\module.json","type":"file","isSymbolicLink":false,"fileMetaData":{"size":2021,"lastModifiedTime":1700900996093}},{"hashValue":"719f6b9d86be6a5f8590b5aee2c58d10","name":"resConfig.json","path":"E:\\huawei\\project\\Rdb\\entry\\build\\default\\intermediates\\res\\default\\resConfig.json","type":"file","isSymbolicLink":false,"fileMetaData":{"size":533,"lastModifiedTime":1700477471819}},{"hashValue":"20ca62de9cb894b11786e7f90d4d0a4a","name":"resources","path":"E:\\huawei\\project\\Rdb\\entry\\build\\default\\intermediates\\res\\default\\resources","type":"directory","isSymbolicLink":false,"children":[{"hashValue":"7a5b4dfbb9aac623ef49193ab7e8ba13","name":"base","path":"E:\\huawei\\project\\Rdb\\entry\\build\\default\\intermediates\\res\\default\\resources\\base","type":"directory","isSymbolicLink":false,"children":[{"hashValue":"220efc9d8c4d277ba02acf02a8095aac","name":"media","path":"E:\\huawei\\project\\Rdb\\entry\\build\\default\\intermediates\\res\\default\\resources\\base\\media","type":"directory","isSymbolicLink":false,"children":[{"hashValue":"8beac43c614efdfa9dd192fdc4609976","name":"app_icon.png","path":"E:\\huawei\\project\\Rdb\\entry\\build\\default\\intermediates\\res\\default\\resources\\base\\media\\app_icon.png","type":"file","isSymbolicLink":false,"fileMetaData":{"size":6790,"lastModifiedTime":1697790998000}},{"hashValue":"4151536d1d12f8a9b60760c2866eb28a","name":"icon.png","path":"E:\\huawei\\project\\Rdb\\entry\\build\\default\\intermediates\\res\\default\\resources\\base\\media\\icon.png","type":"file","isSymbolicLink":false,"fileMetaData":{"size":6790,"lastModifiedTime":1697790998000}},{"hashValue":"7c05d9b3f9f262c83bec538f50b491bc","name":"icon1.png","path":"E:\\huawei\\project\\Rdb\\entry\\build\\default\\intermediates\\res\\default\\resources\\base\\media\\icon1.png","type":"file","isSymbolicLink":false,"fileMetaData":{"size":6817,"lastModifiedTime":1697790998000}}]},{"hashValue":"ff1e4c21172a336fcc156da67b688cd7","name":"profile","path":"E:\\huawei\\project\\Rdb\\entry\\build\\default\\intermediates\\res\\default\\resources\\base\\profile","type":"directory","isSymbolicLink":false,"children":[{"hashValue":"ac3cd43317eeb6ab83c263dcdd249b28","name":"main_pages.json","path":"E:\\huawei\\project\\Rdb\\entry\\build\\default\\intermediates\\res\\default\\resources\\base\\profile\\main_pages.json","type":"file","isSymbolicLink":false,"fileMetaData":{"size":66,"lastModifiedTime":1700891493924}}]}]},{"hashValue":"738a5369e1d83543ce49df575755a59f","name":"rawfile","path":"E:\\huawei\\project\\Rdb\\entry\\build\\default\\intermediates\\res\\default\\resources\\rawfile","type":"directory","isSymbolicLink":false,"children":[{"hashValue":"357e452e084e20c7337809a2eb091a0b","name":"111.png","path":"E:\\huawei\\project\\Rdb\\entry\\build\\default\\intermediates\\res\\default\\resources\\rawfile\\111.png","type":"file","isSymbolicLink":false,"fileMetaData":{"size":61768,"lastModifiedTime":1700552848457}},{"hashValue":"710b16bc4f9114a8a7b34da1dd347535","name":"add.png","path":"E:\\huawei\\project\\Rdb\\entry\\build\\default\\intermediates\\res\\default\\resources\\rawfile\\add.png","type":"file","isSymbolicLink":false,"fileMetaData":{"size":5415,"lastModifiedTime":1697790998000}},{"hashValue":"fff0578819f40912507461e644a87528","name":"delete.png","path":"E:\\huawei\\project\\Rdb\\entry\\build\\default\\intermediates\\res\\default\\resources\\rawfile\\delete.png","type":"file","isSymbolicLink":false,"fileMetaData":{"size":7908,"lastModifiedTime":1697790998000}},{"hashValue":"53c948aa1e0f0e99db99b248846d8cd2","name":"find.png","path":"E:\\huawei\\project\\Rdb\\entry\\build\\default\\intermediates\\res\\default\\resources\\rawfile\\find.png","type":"file","isSymbolicLink":false,"fileMetaData":{"size":3827,"lastModifiedTime":1700567299744}},{"hashValue":"2fcc782b437defcf1a88217c551835e6","name":"foods_selected.png","path":"E:\\huawei\\project\\Rdb\\entry\\build\\default\\intermediates\\res\\default\\resources\\rawfile\\foods_selected.png","type":"file","isSymbolicLink":false,"fileMetaData":{"size":4689,"lastModifiedTime":1697790998000}},{"hashValue":"c73bf440984a1c7a14ffd4e844437313","name":"foods.png","path":"E:\\huawei\\project\\Rdb\\entry\\build\\default\\intermediates\\res\\default\\resources\\rawfile\\foods.png","type":"file","isSymbolicLink":false,"fileMetaData":{"size":6233,"lastModifiedTime":1697790998000}},{"hashValue":"f81c43a701cd4790b193e518987bcb33","name":"fuel_selected.png","path":"E:\\huawei\\project\\Rdb\\entry\\build\\default\\intermediates\\res\\default\\resources\\rawfile\\fuel_selected.png","type":"file","isSymbolicLink":false,"fileMetaData":{"size":5214,"lastModifiedTime":1697790998000}},{"hashValue":"e23d8177b1b98485c55781100a9077d8","name":"fuel.png","path":"E:\\huawei\\project\\Rdb\\entry\\build\\default\\intermediates\\res\\default\\resources\\rawfile\\fuel.png","type":"file","isSymbolicLink":false,"fileMetaData":{"size":6832,"lastModifiedTime":1697790998000}},{"hashValue":"d7f1c3fa905c1d2d9975683e59119045","name":"games_selected.png","path":"E:\\huawei\\project\\Rdb\\entry\\build\\default\\intermediates\\res\\default\\resources\\rawfile\\games_selected.png","type":"file","isSymbolicLink":false,"fileMetaData":{"size":5500,"lastModifiedTime":1697790998000}},{"hashValue":"88421a7cadd8c959ec766fce5a32e324","name":"games.png","path":"E:\\huawei\\project\\Rdb\\entry\\build\\default\\intermediates\\res\\default\\resources\\rawfile\\games.png","type":"file","isSymbolicLink":false,"fileMetaData":{"size":7148,"lastModifiedTime":1697790998000}},{"hashValue":"54a4497efb41c7b76f95d639b50ca455","name":"half.png","path":"E:\\huawei\\project\\Rdb\\entry\\build\\default\\intermediates\\res\\default\\resources\\rawfile\\half.png","type":"file","isSymbolicLink":false,"fileMetaData":{"size":2323,"lastModifiedTime":1697790998000}},{"hashValue":"49b3fc5245c5f8407b026422b0794ed9","name":"ic_public_edit.svg","path":"E:\\huawei\\project\\Rdb\\entry\\build\\default\\intermediates\\res\\default\\resources\\rawfile\\ic_public_edit.svg","type":"file","isSymbolicLink":false,"fileMetaData":{"size":2725,"lastModifiedTime":1697790998000}},{"hashValue":"001c87ec62743d05e4ade7a1744ce585","name":"ic_public_input_search.svg","path":"E:\\huawei\\project\\Rdb\\entry\\build\\default\\intermediates\\res\\default\\resources\\rawfile\\ic_public_input_search.svg","type":"file","isSymbolicLink":false,"fileMetaData":{"size":1892,"lastModifiedTime":1697790998000}},{"hashValue":"4151536d1d12f8a9b60760c2866eb28a","name":"icon.png","path":"E:\\huawei\\project\\Rdb\\entry\\build\\default\\intermediates\\res\\default\\resources\\rawfile\\icon.png","type":"file","isSymbolicLink":false,"fileMetaData":{"size":6790,"lastModifiedTime":1697790998000}},{"hashValue":"7c05d9b3f9f262c83bec538f50b491bc","name":"icon1.png","path":"E:\\huawei\\project\\Rdb\\entry\\build\\default\\intermediates\\res\\default\\resources\\rawfile\\icon1.png","type":"file","isSymbolicLink":false,"fileMetaData":{"size":6817,"lastModifiedTime":1697790998000}},{"hashValue":"6f96df0987a440def2a06892a8f994b8","name":"income_selected.png","path":"E:\\huawei\\project\\Rdb\\entry\\build\\default\\intermediates\\res\\default\\resources\\rawfile\\income_selected.png","type":"file","isSymbolicLink":false,"fileMetaData":{"size":5208,"lastModifiedTime":1697790998000}},{"hashValue":"36421d6f26386daeb4ae77e58f2f4aaf","name":"income.png","path":"E:\\huawei\\project\\Rdb\\entry\\build\\default\\intermediates\\res\\default\\resources\\rawfile\\income.png","type":"file","isSymbolicLink":false,"fileMetaData":{"size":6544,"lastModifiedTime":1697790998000}},{"hashValue":"559e4e56fa2eff8135f0677e6d758736","name":"invest_selected.png","path":"E:\\huawei\\project\\Rdb\\entry\\build\\default\\intermediates\\res\\default\\resources\\rawfile\\invest_selected.png","type":"file","isSymbolicLink":false,"fileMetaData":{"size":4298,"lastModifiedTime":1697790998000}},{"hashValue":"f2a6c1931b17a33228c8e17e40c0c4f9","name":"invest.png","path":"E:\\huawei\\project\\Rdb\\entry\\build\\default\\intermediates\\res\\default\\resources\\rawfile\\invest.png","type":"file","isSymbolicLink":false,"fileMetaData":{"size":5731,"lastModifiedTime":1697790998000}},{"hashValue":"9035b813ab18947cc5b5e7e20f9f953f","name":"pets_selected.png","path":"E:\\huawei\\project\\Rdb\\entry\\build\\default\\intermediates\\res\\default\\resources\\rawfile\\pets_selected.png","type":"file","isSymbolicLink":false,"fileMetaData":{"size":6224,"lastModifiedTime":1697790998000}},{"hashValue":"50e76177685eec25db3f6bfa9938d937","name":"pets.png","path":"E:\\huawei\\project\\Rdb\\entry\\build\\default\\intermediates\\res\\default\\resources\\rawfile\\pets.png","type":"file","isSymbolicLink":false,"fileMetaData":{"size":8100,"lastModifiedTime":1697790998000}},{"hashValue":"2242039e1db0b6f731956c0c34708856","name":"search.png","path":"E:\\huawei\\project\\Rdb\\entry\\build\\default\\intermediates\\res\\default\\resources\\rawfile\\search.png","type":"file","isSymbolicLink":false,"fileMetaData":{"size":3478,"lastModifiedTime":1700811642745}},{"hashValue":"f2c17281f3e39b4df4a2e240a47eb2f0","name":"show.png","path":"E:\\huawei\\project\\Rdb\\entry\\build\\default\\intermediates\\res\\default\\resources\\rawfile\\show.png","type":"file","isSymbolicLink":false,"fileMetaData":{"size":2916,"lastModifiedTime":1700900916225}},{"hashValue":"3df14bcf6adc8803234bbf61d5b7b44a","name":"snacks_selected.png","path":"E:\\huawei\\project\\Rdb\\entry\\build\\default\\intermediates\\res\\default\\resources\\rawfile\\snacks_selected.png","type":"file","isSymbolicLink":false,"fileMetaData":{"size":5592,"lastModifiedTime":1697790998000}},{"hashValue":"c49c692160e4bdec978ac5cb3ebe3ab8","name":"snacks.png","path":"E:\\huawei\\project\\Rdb\\entry\\build\\default\\intermediates\\res\\default\\resources\\rawfile\\snacks.png","type":"file","isSymbolicLink":false,"fileMetaData":{"size":7235,"lastModifiedTime":1697790998000}},{"hashValue":"b3e2b4120e1a131e2abcfb9e34152bdb","name":"travel_selected.png","path":"E:\\huawei\\project\\Rdb\\entry\\build\\default\\intermediates\\res\\default\\resources\\rawfile\\travel_selected.png","type":"file","isSymbolicLink":false,"fileMetaData":{"size":4860,"lastModifiedTime":1697790998000}},{"hashValue":"43000418b63180c815b4b4113cf2d56e","name":"travel.png","path":"E:\\huawei\\project\\Rdb\\entry\\build\\default\\intermediates\\res\\default\\resources\\rawfile\\travel.png","type":"file","isSymbolicLink":false,"fileMetaData":{"size":6395,"lastModifiedTime":1697790998000}}]}]},{"hashValue":"d33bb12a839d4d6de0492af4826a91d7","name":"resources.index","path":"E:\\huawei\\project\\Rdb\\entry\\build\\default\\intermediates\\res\\default\\resources.index","type":"file","isSymbolicLink":false,"fileMetaData":{"size":2333,"lastModifiedTime":1700900996093}},{"hashValue":"d71a4a18d001a398c0fcd7cb0078f661","name":"ResourceTable.txt","path":"E:\\huawei\\project\\Rdb\\entry\\build\\default\\intermediates\\res\\default\\ResourceTable.txt","type":"file","isSymbolicLink":false,"fileMetaData":{"size":1417,"lastModifiedTime":1700900996058}}]},"E:\\huawei\\project\\Rdb\\entry\\build\\default\\generated\\r\\default\\ResourceTable.h":{"hashValue":"a43e84be64fcc5a2bb96e4d27bb8300c","name":"ResourceTable.h","path":"E:\\huawei\\project\\Rdb\\entry\\build\\default\\generated\\r\\default\\ResourceTable.h","type":"file","isSymbolicLink":false,"fileMetaData":{"size":2922,"lastModifiedTime":1700900996057}},"E:\\huawei\\project\\Rdb\\entry\\build\\default\\generated\\r\\default":{"hashValue":"fc16b54a69afd52144236f1b06baddf2","name":"default","path":"E:\\huawei\\project\\Rdb\\entry\\build\\default\\generated\\r\\default","type":"directory","isSymbolicLink":false,"children":[{"hashValue":"a43e84be64fcc5a2bb96e4d27bb8300c","name":"ResourceTable.h","path":"E:\\huawei\\project\\Rdb\\entry\\build\\default\\generated\\r\\default\\ResourceTable.h","type":"file","isSymbolicLink":false,"fileMetaData":{"size":2922,"lastModifiedTime":1700900996057}}]},"E:\\huawei\\project\\Rdb\\entry\\build\\default\\intermediates\\loader\\default":{"hashValue":"b3623d40f963e63fccf9985eb952ba76","name":"default","path":"E:\\huawei\\project\\Rdb\\entry\\build\\default\\intermediates\\loader\\default","type":"directory","isSymbolicLink":false,"children":[{"hashValue":"80d8a9ce9557c13db4ac382ff686625c","name":"loader.json","path":"E:\\huawei\\project\\Rdb\\entry\\build\\default\\intermediates\\loader\\default\\loader.json","type":"file","isSymbolicLink":false,"fileMetaData":{"size":318,"lastModifiedTime":1700893131008}}]},"E:\\huawei\\project\\Rdb\\entry\\build\\default\\intermediates\\res\\default\\ResourceTable.txt":{"hashValue":"d71a4a18d001a398c0fcd7cb0078f661","name":"ResourceTable.txt","path":"E:\\huawei\\project\\Rdb\\entry\\build\\default\\intermediates\\res\\default\\ResourceTable.txt","type":"file","isSymbolicLink":false,"fileMetaData":{"size":1417,"lastModifiedTime":1700900996058}},"E:\\huawei\\project\\Rdb\\entry\\build\\default\\intermediates\\res\\default\\module.json":{"hashValue":"74a61dcbe79477cfeb483bf65a707b29","name":"module.json","path":"E:\\huawei\\project\\Rdb\\entry\\build\\default\\intermediates\\res\\default\\module.json","type":"file","isSymbolicLink":false,"fileMetaData":{"size":2021,"lastModifiedTime":1700900996093}},"E:\\huawei\\project\\Rdb\\entry\\build\\default\\intermediates\\res\\default\\resources\\base\\profile":{"hashValue":"ff1e4c21172a336fcc156da67b688cd7","name":"profile","path":"E:\\huawei\\project\\Rdb\\entry\\build\\default\\intermediates\\res\\default\\resources\\base\\profile","type":"directory","isSymbolicLink":false,"children":[{"hashValue":"ac3cd43317eeb6ab83c263dcdd249b28","name":"main_pages.json","path":"E:\\huawei\\project\\Rdb\\entry\\build\\default\\intermediates\\res\\default\\resources\\base\\profile\\main_pages.json","type":"file","isSymbolicLink":false,"fileMetaData":{"size":66,"lastModifiedTime":1700891493924}}]},"E:\\huawei\\project\\Rdb\\entry\\src\\main\\ets":{"hashValue":"9793741772b43ae29fc897c11310b575","name":"ets","path":"E:\\huawei\\project\\Rdb\\entry\\src\\main\\ets","type":"directory","isSymbolicLink":false,"children":[{"hashValue":"28f5ea6d0b22dd9b94a7283070f69aef","name":"common","path":"E:\\huawei\\project\\Rdb\\entry\\src\\main\\ets\\common","type":"directory","isSymbolicLink":false,"children":[{"hashValue":"53035500ab62242720874f864905b6f0","name":"constants","path":"E:\\huawei\\project\\Rdb\\entry\\src\\main\\ets\\common\\constants","type":"directory","isSymbolicLink":false,"children":[{"hashValue":"1c25c626123d4ca76a85dde3d51acdd1","name":"CommonConstants.ets","path":"E:\\huawei\\project\\Rdb\\entry\\src\\main\\ets\\common\\constants\\CommonConstants.ets","type":"file","isSymbolicLink":false,"fileMetaData":{"size":2392,"lastModifiedTime":1700571433587}}]},{"hashValue":"c8fe1592f1fd5072341f0bcd539a07fc","name":"database","path":"E:\\huawei\\project\\Rdb\\entry\\src\\main\\ets\\common\\database","type":"directory","isSymbolicLink":false,"children":[{"hashValue":"c20540e84cddd29be6f2459552cebc2c","name":"Rdb.ets","path":"E:\\huawei\\project\\Rdb\\entry\\src\\main\\ets\\common\\database\\Rdb.ets","type":"file","isSymbolicLink":false,"fileMetaData":{"size":4918,"lastModifiedTime":1697790998000}},{"hashValue":"5caf2bbbe83668ee1f75231b57a44c64","name":"tables","path":"E:\\huawei\\project\\Rdb\\entry\\src\\main\\ets\\common\\database\\tables","type":"directory","isSymbolicLink":false,"children":[{"hashValue":"81db83fdf592976a384facae2ff935c1","name":"AccountTable.ets","path":"E:\\huawei\\project\\Rdb\\entry\\src\\main\\ets\\common\\database\\tables\\AccountTable.ets","type":"file","isSymbolicLink":false,"fileMetaData":{"size":8776,"lastModifiedTime":1700658811009}}]}]},{"hashValue":"67ea64f5a160b09712ee352a52d675c9","name":"utils","path":"E:\\huawei\\project\\Rdb\\entry\\src\\main\\ets\\common\\utils","type":"directory","isSymbolicLink":false,"children":[{"hashValue":"23bf608049d47dd8486f05f0fac56d89","name":"DataSource.ets","path":"E:\\huawei\\project\\Rdb\\entry\\src\\main\\ets\\common\\utils\\DataSource.ets","type":"file","isSymbolicLink":false,"fileMetaData":{"size":218,"lastModifiedTime":1700542850522}},{"hashValue":"8c0cf9334c962b1f65eded2f16ab0a08","name":"Logger.ets","path":"E:\\huawei\\project\\Rdb\\entry\\src\\main\\ets\\common\\utils\\Logger.ets","type":"file","isSymbolicLink":false,"fileMetaData":{"size":1578,"lastModifiedTime":1697790998000}},{"hashValue":"a4762198ffe0b204e0bbdc494a90e3fd","name":"Utils.ets","path":"E:\\huawei\\project\\Rdb\\entry\\src\\main\\ets\\common\\utils\\Utils.ets","type":"file","isSymbolicLink":false,"fileMetaData":{"size":510,"lastModifiedTime":1700543387774}}]}]},{"hashValue":"cd1156e59d6827e4fd12e25bbd33a193","name":"entryability","path":"E:\\huawei\\project\\Rdb\\entry\\src\\main\\ets\\entryability","type":"directory","isSymbolicLink":false,"children":[{"hashValue":"a6733170fc2708c929c1babeccd8fa18","name":"EntryAbility.ts","path":"E:\\huawei\\project\\Rdb\\entry\\src\\main\\ets\\entryability\\EntryAbility.ts","type":"file","isSymbolicLink":false,"fileMetaData":{"size":2900,"lastModifiedTime":1697790998000}}]},{"hashValue":"52d3987ee721e1ab26153d612a098250","name":"pages","path":"E:\\huawei\\project\\Rdb\\entry\\src\\main\\ets\\pages","type":"directory","isSymbolicLink":false,"children":[{"hashValue":"908edc6c9523013882c41391e4662fce","name":"MainPage.ets","path":"E:\\huawei\\project\\Rdb\\entry\\src\\main\\ets\\pages\\MainPage.ets","type":"file","isSymbolicLink":false,"fileMetaData":{"size":26659,"lastModifiedTime":1700920788854}},{"hashValue":"fc736fa6582643a41c97ab0d065dbfdb","name":"showPage.ets","path":"E:\\huawei\\project\\Rdb\\entry\\src\\main\\ets\\pages\\showPage.ets","type":"file","isSymbolicLink":false,"fileMetaData":{"size":3008,"lastModifiedTime":1700920830039}}]},{"hashValue":"fa4e600d2f2f585520d7052a79aa02a2","name":"view","path":"E:\\huawei\\project\\Rdb\\entry\\src\\main\\ets\\view","type":"directory","isSymbolicLink":false,"children":[{"hashValue":"c8e4bd5e32de66cae98774c669b2f22a","name":"CashTextComponent.ets","path":"E:\\huawei\\project\\Rdb\\entry\\src\\main\\ets\\view\\CashTextComponent.ets","type":"file","isSymbolicLink":false,"fileMetaData":{"size":487,"lastModifiedTime":1700552330929}},{"hashValue":"95fcf4340f404cb244cff7d0c974f3fe","name":"chart.ets","path":"E:\\huawei\\project\\Rdb\\entry\\src\\main\\ets\\view\\chart.ets","type":"file","isSymbolicLink":false,"fileMetaData":{"size":3357,"lastModifiedTime":1700897493024}},{"hashValue":"5ea63be159730f5beff2b377537cd4f3","name":"CustomMonthPickerController.ets","path":"E:\\huawei\\project\\Rdb\\entry\\src\\main\\ets\\view\\CustomMonthPickerController.ets","type":"file","isSymbolicLink":false,"fileMetaData":{"size":1516,"lastModifiedTime":1700657388095}},{"hashValue":"0124e5675dc2128bd1f3e0fd0323f317","name":"CustomSearchDialog.ets","path":"E:\\huawei\\project\\Rdb\\entry\\src\\main\\ets\\view\\CustomSearchDialog.ets","type":"file","isSymbolicLink":false,"fileMetaData":{"size":923,"lastModifiedTime":1700658185256}},{"hashValue":"5b357772b8640a8af270eaa2a48bd58c","name":"DateTextComponent.ets","path":"E:\\huawei\\project\\Rdb\\entry\\src\\main\\ets\\view\\DateTextComponent.ets","type":"file","isSymbolicLink":false,"fileMetaData":{"size":424,"lastModifiedTime":1700551969548}},{"hashValue":"4cb9362f774d5a973ec5c0ff17765f07","name":"DialogComponent.ets","path":"E:\\huawei\\project\\Rdb\\entry\\src\\main\\ets\\view\\DialogComponent.ets","type":"file","isSymbolicLink":false,"fileMetaData":{"size":13403,"lastModifiedTime":1700659034710}}]},{"hashValue":"acf0d21c36226d1deac549dc67591fc0","name":"viewmodel","path":"E:\\huawei\\project\\Rdb\\entry\\src\\main\\ets\\viewmodel","type":"directory","isSymbolicLink":false,"children":[{"hashValue":"3f6a8efc25a1befcf2f0251abe7e100d","name":"AccountData.ets","path":"E:\\huawei\\project\\Rdb\\entry\\src\\main\\ets\\viewmodel\\AccountData.ets","type":"file","isSymbolicLink":false,"fileMetaData":{"size":202,"lastModifiedTime":1700557032566}},{"hashValue":"4cfe86fc09f0ca6c759f20c229d020d5","name":"AccountItem.ets","path":"E:\\huawei\\project\\Rdb\\entry\\src\\main\\ets\\viewmodel\\AccountItem.ets","type":"file","isSymbolicLink":false,"fileMetaData":{"size":751,"lastModifiedTime":1697790998000}},{"hashValue":"6ec66f29065118860551276173ff994d","name":"AccountList.ets","path":"E:\\huawei\\project\\Rdb\\entry\\src\\main\\ets\\viewmodel\\AccountList.ets","type":"file","isSymbolicLink":false,"fileMetaData":{"size":2263,"lastModifiedTime":1697790998000}},{"hashValue":"6b684e41b2b5327e09c7145dfd2f2ceb","name":"ConstantsInterface.ets","path":"E:\\huawei\\project\\Rdb\\entry\\src\\main\\ets\\viewmodel\\ConstantsInterface.ets","type":"file","isSymbolicLink":false,"fileMetaData":{"size":719,"lastModifiedTime":1697790998000}},{"hashValue":"8428bc98922bd35503c802466338a914","name":"ScrollData.ets","path":"E:\\huawei\\project\\Rdb\\entry\\src\\main\\ets\\viewmodel\\ScrollData.ets","type":"file","isSymbolicLink":false,"fileMetaData":{"size":245,"lastModifiedTime":1700572223599}}]}]},"E:\\huawei\\project\\Rdb\\entry\\build\\default\\intermediates\\loader_out\\default\\ets":{"hashValue":"44fc7f4a91d44397435f943ead9fad4a","name":"ets","path":"E:\\huawei\\project\\Rdb\\entry\\build\\default\\intermediates\\loader_out\\default\\ets","type":"directory","isSymbolicLink":false,"children":[{"hashValue":"9e8c74e42fdc1220b7af83f273b66f7f","name":"modules.abc","path":"E:\\huawei\\project\\Rdb\\entry\\build\\default\\intermediates\\loader_out\\default\\ets\\modules.abc","type":"file","isSymbolicLink":false,"fileMetaData":{"size":352060,"lastModifiedTime":1701003820690}},{"hashValue":"e719859c0c7473db1670689dd362ea27","name":"sourceMaps.map","path":"E:\\huawei\\project\\Rdb\\entry\\build\\default\\intermediates\\loader_out\\default\\ets\\sourceMaps.map","type":"file","isSymbolicLink":false,"fileMetaData":{"size":366085,"lastModifiedTime":1701003820562}}]},"E:\\huawei\\project\\Rdb\\entry\\build\\default\\intermediates\\res\\default\\resources":{"hashValue":"20ca62de9cb894b11786e7f90d4d0a4a","name":"resources","path":"E:\\huawei\\project\\Rdb\\entry\\build\\default\\intermediates\\res\\default\\resources","type":"directory","isSymbolicLink":false,"children":[{"hashValue":"7a5b4dfbb9aac623ef49193ab7e8ba13","name":"base","path":"E:\\huawei\\project\\Rdb\\entry\\build\\default\\intermediates\\res\\default\\resources\\base","type":"directory","isSymbolicLink":false,"children":[{"hashValue":"220efc9d8c4d277ba02acf02a8095aac","name":"media","path":"E:\\huawei\\project\\Rdb\\entry\\build\\default\\intermediates\\res\\default\\resources\\base\\media","type":"directory","isSymbolicLink":false,"children":[{"hashValue":"8beac43c614efdfa9dd192fdc4609976","name":"app_icon.png","path":"E:\\huawei\\project\\Rdb\\entry\\build\\default\\intermediates\\res\\default\\resources\\base\\media\\app_icon.png","type":"file","isSymbolicLink":false,"fileMetaData":{"size":6790,"lastModifiedTime":1697790998000}},{"hashValue":"4151536d1d12f8a9b60760c2866eb28a","name":"icon.png","path":"E:\\huawei\\project\\Rdb\\entry\\build\\default\\intermediates\\res\\default\\resources\\base\\media\\icon.png","type":"file","isSymbolicLink":false,"fileMetaData":{"size":6790,"lastModifiedTime":1697790998000}},{"hashValue":"7c05d9b3f9f262c83bec538f50b491bc","name":"icon1.png","path":"E:\\huawei\\project\\Rdb\\entry\\build\\default\\intermediates\\res\\default\\resources\\base\\media\\icon1.png","type":"file","isSymbolicLink":false,"fileMetaData":{"size":6817,"lastModifiedTime":1697790998000}}]},{"hashValue":"ff1e4c21172a336fcc156da67b688cd7","name":"profile","path":"E:\\huawei\\project\\Rdb\\entry\\build\\default\\intermediates\\res\\default\\resources\\base\\profile","type":"directory","isSymbolicLink":false,"children":[{"hashValue":"ac3cd43317eeb6ab83c263dcdd249b28","name":"main_pages.json","path":"E:\\huawei\\project\\Rdb\\entry\\build\\default\\intermediates\\res\\default\\resources\\base\\profile\\main_pages.json","type":"file","isSymbolicLink":false,"fileMetaData":{"size":66,"lastModifiedTime":1700891493924}}]}]},{"hashValue":"738a5369e1d83543ce49df575755a59f","name":"rawfile","path":"E:\\huawei\\project\\Rdb\\entry\\build\\default\\intermediates\\res\\default\\resources\\rawfile","type":"directory","isSymbolicLink":false,"children":[{"hashValue":"357e452e084e20c7337809a2eb091a0b","name":"111.png","path":"E:\\huawei\\project\\Rdb\\entry\\build\\default\\intermediates\\res\\default\\resources\\rawfile\\111.png","type":"file","isSymbolicLink":false,"fileMetaData":{"size":61768,"lastModifiedTime":1700552848457}},{"hashValue":"710b16bc4f9114a8a7b34da1dd347535","name":"add.png","path":"E:\\huawei\\project\\Rdb\\entry\\build\\default\\intermediates\\res\\default\\resources\\rawfile\\add.png","type":"file","isSymbolicLink":false,"fileMetaData":{"size":5415,"lastModifiedTime":1697790998000}},{"hashValue":"fff0578819f40912507461e644a87528","name":"delete.png","path":"E:\\huawei\\project\\Rdb\\entry\\build\\default\\intermediates\\res\\default\\resources\\rawfile\\delete.png","type":"file","isSymbolicLink":false,"fileMetaData":{"size":7908,"lastModifiedTime":1697790998000}},{"hashValue":"53c948aa1e0f0e99db99b248846d8cd2","name":"find.png","path":"E:\\huawei\\project\\Rdb\\entry\\build\\default\\intermediates\\res\\default\\resources\\rawfile\\find.png","type":"file","isSymbolicLink":false,"fileMetaData":{"size":3827,"lastModifiedTime":1700567299744}},{"hashValue":"2fcc782b437defcf1a88217c551835e6","name":"foods_selected.png","path":"E:\\huawei\\project\\Rdb\\entry\\build\\default\\intermediates\\res\\default\\resources\\rawfile\\foods_selected.png","type":"file","isSymbolicLink":false,"fileMetaData":{"size":4689,"lastModifiedTime":1697790998000}},{"hashValue":"c73bf440984a1c7a14ffd4e844437313","name":"foods.png","path":"E:\\huawei\\project\\Rdb\\entry\\build\\default\\intermediates\\res\\default\\resources\\rawfile\\foods.png","type":"file","isSymbolicLink":false,"fileMetaData":{"size":6233,"lastModifiedTime":1697790998000}},{"hashValue":"f81c43a701cd4790b193e518987bcb33","name":"fuel_selected.png","path":"E:\\huawei\\project\\Rdb\\entry\\build\\default\\intermediates\\res\\default\\resources\\rawfile\\fuel_selected.png","type":"file","isSymbolicLink":false,"fileMetaData":{"size":5214,"lastModifiedTime":1697790998000}},{"hashValue":"e23d8177b1b98485c55781100a9077d8","name":"fuel.png","path":"E:\\huawei\\project\\Rdb\\entry\\build\\default\\intermediates\\res\\default\\resources\\rawfile\\fuel.png","type":"file","isSymbolicLink":false,"fileMetaData":{"size":6832,"lastModifiedTime":1697790998000}},{"hashValue":"d7f1c3fa905c1d2d9975683e59119045","name":"games_selected.png","path":"E:\\huawei\\project\\Rdb\\entry\\build\\default\\intermediates\\res\\default\\resources\\rawfile\\games_selected.png","type":"file","isSymbolicLink":false,"fileMetaData":{"size":5500,"lastModifiedTime":1697790998000}},{"hashValue":"88421a7cadd8c959ec766fce5a32e324","name":"games.png","path":"E:\\huawei\\project\\Rdb\\entry\\build\\default\\intermediates\\res\\default\\resources\\rawfile\\games.png","type":"file","isSymbolicLink":false,"fileMetaData":{"size":7148,"lastModifiedTime":1697790998000}},{"hashValue":"54a4497efb41c7b76f95d639b50ca455","name":"half.png","path":"E:\\huawei\\project\\Rdb\\entry\\build\\default\\intermediates\\res\\default\\resources\\rawfile\\half.png","type":"file","isSymbolicLink":false,"fileMetaData":{"size":2323,"lastModifiedTime":1697790998000}},{"hashValue":"49b3fc5245c5f8407b026422b0794ed9","name":"ic_public_edit.svg","path":"E:\\huawei\\project\\Rdb\\entry\\build\\default\\intermediates\\res\\default\\resources\\rawfile\\ic_public_edit.svg","type":"file","isSymbolicLink":false,"fileMetaData":{"size":2725,"lastModifiedTime":1697790998000}},{"hashValue":"001c87ec62743d05e4ade7a1744ce585","name":"ic_public_input_search.svg","path":"E:\\huawei\\project\\Rdb\\entry\\build\\default\\intermediates\\res\\default\\resources\\rawfile\\ic_public_input_search.svg","type":"file","isSymbolicLink":false,"fileMetaData":{"size":1892,"lastModifiedTime":1697790998000}},{"hashValue":"4151536d1d12f8a9b60760c2866eb28a","name":"icon.png","path":"E:\\huawei\\project\\Rdb\\entry\\build\\default\\intermediates\\res\\default\\resources\\rawfile\\icon.png","type":"file","isSymbolicLink":false,"fileMetaData":{"size":6790,"lastModifiedTime":1697790998000}},{"hashValue":"7c05d9b3f9f262c83bec538f50b491bc","name":"icon1.png","path":"E:\\huawei\\project\\Rdb\\entry\\build\\default\\intermediates\\res\\default\\resources\\rawfile\\icon1.png","type":"file","isSymbolicLink":false,"fileMetaData":{"size":6817,"lastModifiedTime":1697790998000}},{"hashValue":"6f96df0987a440def2a06892a8f994b8","name":"income_selected.png","path":"E:\\huawei\\project\\Rdb\\entry\\build\\default\\intermediates\\res\\default\\resources\\rawfile\\income_selected.png","type":"file","isSymbolicLink":false,"fileMetaData":{"size":5208,"lastModifiedTime":1697790998000}},{"hashValue":"36421d6f26386daeb4ae77e58f2f4aaf","name":"income.png","path":"E:\\huawei\\project\\Rdb\\entry\\build\\default\\intermediates\\res\\default\\resources\\rawfile\\income.png","type":"file","isSymbolicLink":false,"fileMetaData":{"size":6544,"lastModifiedTime":1697790998000}},{"hashValue":"559e4e56fa2eff8135f0677e6d758736","name":"invest_selected.png","path":"E:\\huawei\\project\\Rdb\\entry\\build\\default\\intermediates\\res\\default\\resources\\rawfile\\invest_selected.png","type":"file","isSymbolicLink":false,"fileMetaData":{"size":4298,"lastModifiedTime":1697790998000}},{"hashValue":"f2a6c1931b17a33228c8e17e40c0c4f9","name":"invest.png","path":"E:\\huawei\\project\\Rdb\\entry\\build\\default\\intermediates\\res\\default\\resources\\rawfile\\invest.png","type":"file","isSymbolicLink":false,"fileMetaData":{"size":5731,"lastModifiedTime":1697790998000}},{"hashValue":"9035b813ab18947cc5b5e7e20f9f953f","name":"pets_selected.png","path":"E:\\huawei\\project\\Rdb\\entry\\build\\default\\intermediates\\res\\default\\resources\\rawfile\\pets_selected.png","type":"file","isSymbolicLink":false,"fileMetaData":{"size":6224,"lastModifiedTime":1697790998000}},{"hashValue":"50e76177685eec25db3f6bfa9938d937","name":"pets.png","path":"E:\\huawei\\project\\Rdb\\entry\\build\\default\\intermediates\\res\\default\\resources\\rawfile\\pets.png","type":"file","isSymbolicLink":false,"fileMetaData":{"size":8100,"lastModifiedTime":1697790998000}},{"hashValue":"2242039e1db0b6f731956c0c34708856","name":"search.png","path":"E:\\huawei\\project\\Rdb\\entry\\build\\default\\intermediates\\res\\default\\resources\\rawfile\\search.png","type":"file","isSymbolicLink":false,"fileMetaData":{"size":3478,"lastModifiedTime":1700811642745}},{"hashValue":"f2c17281f3e39b4df4a2e240a47eb2f0","name":"show.png","path":"E:\\huawei\\project\\Rdb\\entry\\build\\default\\intermediates\\res\\default\\resources\\rawfile\\show.png","type":"file","isSymbolicLink":false,"fileMetaData":{"size":2916,"lastModifiedTime":1700900916225}},{"hashValue":"3df14bcf6adc8803234bbf61d5b7b44a","name":"snacks_selected.png","path":"E:\\huawei\\project\\Rdb\\entry\\build\\default\\intermediates\\res\\default\\resources\\rawfile\\snacks_selected.png","type":"file","isSymbolicLink":false,"fileMetaData":{"size":5592,"lastModifiedTime":1697790998000}},{"hashValue":"c49c692160e4bdec978ac5cb3ebe3ab8","name":"snacks.png","path":"E:\\huawei\\project\\Rdb\\entry\\build\\default\\intermediates\\res\\default\\resources\\rawfile\\snacks.png","type":"file","isSymbolicLink":false,"fileMetaData":{"size":7235,"lastModifiedTime":1697790998000}},{"hashValue":"b3e2b4120e1a131e2abcfb9e34152bdb","name":"travel_selected.png","path":"E:\\huawei\\project\\Rdb\\entry\\build\\default\\intermediates\\res\\default\\resources\\rawfile\\travel_selected.png","type":"file","isSymbolicLink":false,"fileMetaData":{"size":4860,"lastModifiedTime":1697790998000}},{"hashValue":"43000418b63180c815b4b4113cf2d56e","name":"travel.png","path":"E:\\huawei\\project\\Rdb\\entry\\build\\default\\intermediates\\res\\default\\resources\\rawfile\\travel.png","type":"file","isSymbolicLink":false,"fileMetaData":{"size":6395,"lastModifiedTime":1697790998000}}]}]},"E:\\huawei\\project\\Rdb\\entry\\build\\default\\intermediates\\res\\default\\resources.index":{"hashValue":"d33bb12a839d4d6de0492af4826a91d7","name":"resources.index","path":"E:\\huawei\\project\\Rdb\\entry\\build\\default\\intermediates\\res\\default\\resources.index","type":"file","isSymbolicLink":false,"fileMetaData":{"size":2333,"lastModifiedTime":1700900996093}},"E:\\huawei\\project\\Rdb\\entry\\build\\default\\outputs\\default\\entry-default-unsigned.hap":{"hashValue":"e3bc214dc631be063c2572b73499cd46","name":"entry-default-unsigned.hap","path":"E:\\huawei\\project\\Rdb\\entry\\build\\default\\outputs\\default\\entry-default-unsigned.hap","type":"file","isSymbolicLink":false,"fileMetaData":{"size":949857,"lastModifiedTime":1701003822098}},"E:\\huawei\\project\\Rdb\\entry\\.preview\\default\\intermediates\\merge_profile\\default\\module.json":{"hashValue":"4b7d4c63166f4951a4a8ff811edafae2","name":"module.json","path":"E:\\huawei\\project\\Rdb\\entry\\.preview\\default\\intermediates\\merge_profile\\default\\module.json","type":"file","isSymbolicLink":false,"fileMetaData":{"size":1035,"lastModifiedTime":1700893121814}},"E:\\huawei\\project\\Rdb\\entry\\.preview\\default\\intermediates\\loader\\default\\loader.json":{"hashValue":"bcad7ab49466185805d1bfd4874a57d7","name":"loader.json","path":"E:\\huawei\\project\\Rdb\\entry\\.preview\\default\\intermediates\\loader\\default\\loader.json","type":"file","isSymbolicLink":false,"fileMetaData":{"size":321,"lastModifiedTime":1700893121819}},"E:\\huawei\\project\\Rdb\\entry\\.preview\\default\\intermediates\\process_profile\\default\\module.json":{"hashValue":"299e34d4797cc9a4507340f74d839df8","name":"module.json","path":"E:\\huawei\\project\\Rdb\\entry\\.preview\\default\\intermediates\\process_profile\\default\\module.json","type":"file","isSymbolicLink":false,"fileMetaData":{"size":1120,"lastModifiedTime":1700893121952}},"E:\\huawei\\project\\Rdb\\entry\\.preview\\default\\intermediates\\res\\default":{"hashValue":"324cc036701067f81bcb0520e2a5777e","name":"default","path":"E:\\huawei\\project\\Rdb\\entry\\.preview\\default\\intermediates\\res\\default","type":"directory","isSymbolicLink":false,"children":[{"hashValue":"fc570d55cd326aa7e5412ff8542095f9","name":"app_compiled","path":"E:\\huawei\\project\\Rdb\\entry\\.preview\\default\\intermediates\\res\\default\\app_compiled","type":"directory","isSymbolicLink":false,"children":[{"hashValue":"72408b984ed75d6d2967ed0dc6c08ac7","name":"11155170623692076090","path":"E:\\huawei\\project\\Rdb\\entry\\.preview\\default\\intermediates\\res\\default\\app_compiled\\11155170623692076090","type":"file","isSymbolicLink":false,"fileMetaData":{"size":104,"lastModifiedTime":1700893122033}},{"hashValue":"c4c639b0878d1ccee7874256aa32ff0b","name":"3703628262668695639","path":"E:\\huawei\\project\\Rdb\\entry\\.preview\\default\\intermediates\\res\\default\\app_compiled\\3703628262668695639","type":"file","isSymbolicLink":false,"fileMetaData":{"size":168,"lastModifiedTime":1700893122034}}]},{"hashValue":"dc9a3cfaf3440abc607237e5c2e40a8f","name":"module_compiled","path":"E:\\huawei\\project\\Rdb\\entry\\.preview\\default\\intermediates\\res\\default\\module_compiled","type":"directory","isSymbolicLink":false,"children":[{"hashValue":"342977dabf9a38177ec9fb4174a4158b","name":"10564337178447138226","path":"E:\\huawei\\project\\Rdb\\entry\\.preview\\default\\intermediates\\res\\default\\module_compiled\\10564337178447138226","type":"file","isSymbolicLink":false,"fileMetaData":{"size":118,"lastModifiedTime":1700893122100}},{"hashValue":"048e136fb44cfd6229dc5348895edeec","name":"11414761874490438604","path":"E:\\huawei\\project\\Rdb\\entry\\.preview\\default\\intermediates\\res\\default\\module_compiled\\11414761874490438604","type":"file","isSymbolicLink":false,"fileMetaData":{"size":168,"lastModifiedTime":1700893122090}},{"hashValue":"c9837157fd85069992e50cdfcdedaf15","name":"12720300575837487745","path":"E:\\huawei\\project\\Rdb\\entry\\.preview\\default\\intermediates\\res\\default\\module_compiled\\12720300575837487745","type":"file","isSymbolicLink":false,"fileMetaData":{"size":3224,"lastModifiedTime":1700893122089}},{"hashValue":"bbd94141994afa3cee65775a0556d641","name":"13159796487051851228","path":"E:\\huawei\\project\\Rdb\\entry\\.preview\\default\\intermediates\\res\\default\\module_compiled\\13159796487051851228","type":"file","isSymbolicLink":false,"fileMetaData":{"size":118,"lastModifiedTime":1700893122094}},{"hashValue":"a925678ffd675c820da539c826851fe7","name":"13358652478603371399","path":"E:\\huawei\\project\\Rdb\\entry\\.preview\\default\\intermediates\\res\\default\\module_compiled\\13358652478603371399","type":"file","isSymbolicLink":false,"fileMetaData":{"size":114,"lastModifiedTime":1700893122098}},{"hashValue":"105f0ec4c5142ede3b25e872fbce819b","name":"1431400554751741507","path":"E:\\huawei\\project\\Rdb\\entry\\.preview\\default\\intermediates\\res\\default\\module_compiled\\1431400554751741507","type":"file","isSymbolicLink":false,"fileMetaData":{"size":114,"lastModifiedTime":1700893122095}},{"hashValue":"5518aeecd77b1986e1a542263d16363b","name":"14979905242163123552","path":"E:\\huawei\\project\\Rdb\\entry\\.preview\\default\\intermediates\\res\\default\\module_compiled\\14979905242163123552","type":"file","isSymbolicLink":false,"fileMetaData":{"size":134,"lastModifiedTime":1700893122095}},{"hashValue":"d030e689d1cb9611bd40c97e4ba85008","name":"15578058764132338473","path":"E:\\huawei\\project\\Rdb\\entry\\.preview\\default\\intermediates\\res\\default\\module_compiled\\15578058764132338473","type":"file","isSymbolicLink":false,"fileMetaData":{"size":116,"lastModifiedTime":1700893122094}},{"hashValue":"d35317a2f5328731c5d44e92eaffb9a1","name":"15931617525179784251","path":"E:\\huawei\\project\\Rdb\\entry\\.preview\\default\\intermediates\\res\\default\\module_compiled\\15931617525179784251","type":"file","isSymbolicLink":false,"fileMetaData":{"size":116,"lastModifiedTime":1700893122096}},{"hashValue":"34279f6f9e7533a2113eb64362b2e34a","name":"16262367049220922559","path":"E:\\huawei\\project\\Rdb\\entry\\.preview\\default\\intermediates\\res\\default\\module_compiled\\16262367049220922559","type":"file","isSymbolicLink":false,"fileMetaData":{"size":134,"lastModifiedTime":1700893122098}},{"hashValue":"b6954e54e4634b2fcd295b4cde797e29","name":"17134868997260246548","path":"E:\\huawei\\project\\Rdb\\entry\\.preview\\default\\intermediates\\res\\default\\module_compiled\\17134868997260246548","type":"file","isSymbolicLink":false,"fileMetaData":{"size":171,"lastModifiedTime":1700893122091}},{"hashValue":"bb2e9d634ae68b0ca5f55b927e626505","name":"17480858351854598202","path":"E:\\huawei\\project\\Rdb\\entry\\.preview\\default\\intermediates\\res\\default\\module_compiled\\17480858351854598202","type":"file","isSymbolicLink":false,"fileMetaData":{"size":114,"lastModifiedTime":1700893122094}},{"hashValue":"be234a01ebd1ca707e2dc4c25ae87d55","name":"17548910174739793350","path":"E:\\huawei\\project\\Rdb\\entry\\.preview\\default\\intermediates\\res\\default\\module_compiled\\17548910174739793350","type":"file","isSymbolicLink":false,"fileMetaData":{"size":118,"lastModifiedTime":1700893122103}},{"hashValue":"daae6e453b513c5406b7dfdb167ec567","name":"2536811577036944191","path":"E:\\huawei\\project\\Rdb\\entry\\.preview\\default\\intermediates\\res\\default\\module_compiled\\2536811577036944191","type":"file","isSymbolicLink":false,"fileMetaData":{"size":193,"lastModifiedTime":1700893122091}},{"hashValue":"3c6979038ead625063b0c54070df15e8","name":"3887809060111263488","path":"E:\\huawei\\project\\Rdb\\entry\\.preview\\default\\intermediates\\res\\default\\module_compiled\\3887809060111263488","type":"file","isSymbolicLink":false,"fileMetaData":{"size":136,"lastModifiedTime":1700893122103}},{"hashValue":"421df7987b3f60b6838903f088da6812","name":"466113913436287066","path":"E:\\huawei\\project\\Rdb\\entry\\.preview\\default\\intermediates\\res\\default\\module_compiled\\466113913436287066","type":"file","isSymbolicLink":false,"fileMetaData":{"size":1079,"lastModifiedTime":1700893122090}},{"hashValue":"fb58815d2e7d2f25cbb162966f51f179","name":"4959399696382918633","path":"E:\\huawei\\project\\Rdb\\entry\\.preview\\default\\intermediates\\res\\default\\module_compiled\\4959399696382918633","type":"file","isSymbolicLink":false,"fileMetaData":{"size":585,"lastModifiedTime":1700893122088}},{"hashValue":"57fe601182d8cc4075cace88e2e1e81b","name":"5396421014012381623","path":"E:\\huawei\\project\\Rdb\\entry\\.preview\\default\\intermediates\\res\\default\\module_compiled\\5396421014012381623","type":"file","isSymbolicLink":false,"fileMetaData":{"size":134,"lastModifiedTime":1700893122097}},{"hashValue":"84e490430a6f32ba32ef11a60c5d12f0","name":"5405467574826760636","path":"E:\\huawei\\project\\Rdb\\entry\\.preview\\default\\intermediates\\res\\default\\module_compiled\\5405467574826760636","type":"file","isSymbolicLink":false,"fileMetaData":{"size":112,"lastModifiedTime":1700893122093}},{"hashValue":"948c0e1d9f74e9404b214b89f0efbaab","name":"5749439707884405023","path":"E:\\huawei\\project\\Rdb\\entry\\.preview\\default\\intermediates\\res\\default\\module_compiled\\5749439707884405023","type":"file","isSymbolicLink":false,"fileMetaData":{"size":132,"lastModifiedTime":1700893122101}},{"hashValue":"be4690c4bad6d2a251a37454b7478956","name":"6095208193117509691","path":"E:\\huawei\\project\\Rdb\\entry\\.preview\\default\\intermediates\\res\\default\\module_compiled\\6095208193117509691","type":"file","isSymbolicLink":false,"fileMetaData":{"size":136,"lastModifiedTime":1700893122101}},{"hashValue":"acc57a72e4c7cb720dc91ec4ba65a159","name":"7600752799197172746","path":"E:\\huawei\\project\\Rdb\\entry\\.preview\\default\\intermediates\\res\\default\\module_compiled\\7600752799197172746","type":"file","isSymbolicLink":false,"fileMetaData":{"size":132,"lastModifiedTime":1700893122096}},{"hashValue":"9e9b7d31968635e24eea5874a082410a","name":"7660353006398838430","path":"E:\\huawei\\project\\Rdb\\entry\\.preview\\default\\intermediates\\res\\default\\module_compiled\\7660353006398838430","type":"file","isSymbolicLink":false,"fileMetaData":{"size":114,"lastModifiedTime":1700893122097}},{"hashValue":"a21255d1a7f71fb2045877ef205eef20","name":"7680771089773028419","path":"E:\\huawei\\project\\Rdb\\entry\\.preview\\default\\intermediates\\res\\default\\module_compiled\\7680771089773028419","type":"file","isSymbolicLink":false,"fileMetaData":{"size":118,"lastModifiedTime":1700893122104}},{"hashValue":"024e1a396829e0d84e2aa801bd101f9b","name":"7838919467595973793","path":"E:\\huawei\\project\\Rdb\\entry\\.preview\\default\\intermediates\\res\\default\\module_compiled\\7838919467595973793","type":"file","isSymbolicLink":false,"fileMetaData":{"size":136,"lastModifiedTime":1700893122100}},{"hashValue":"d4c366bd39765edbf21559a86e3ff338","name":"7902261042807000900","path":"E:\\huawei\\project\\Rdb\\entry\\.preview\\default\\intermediates\\res\\default\\module_compiled\\7902261042807000900","type":"file","isSymbolicLink":false,"fileMetaData":{"size":118,"lastModifiedTime":1700893122099}},{"hashValue":"fc1d10ca83f27a33684f3760f84dd4fa","name":"8044905541850763090","path":"E:\\huawei\\project\\Rdb\\entry\\.preview\\default\\intermediates\\res\\default\\module_compiled\\8044905541850763090","type":"file","isSymbolicLink":false,"fileMetaData":{"size":136,"lastModifiedTime":1700893122104}},{"hashValue":"01eeb116dea0d6d6dbca3f363cee8c30","name":"816577009904572064","path":"E:\\huawei\\project\\Rdb\\entry\\.preview\\default\\intermediates\\res\\default\\module_compiled\\816577009904572064","type":"file","isSymbolicLink":false,"fileMetaData":{"size":116,"lastModifiedTime":1700893122098}},{"hashValue":"f2a222754d11676a3acaee6c9e191b6d","name":"8369650634806913417","path":"E:\\huawei\\project\\Rdb\\entry\\.preview\\default\\intermediates\\res\\default\\module_compiled\\8369650634806913417","type":"file","isSymbolicLink":false,"fileMetaData":{"size":112,"lastModifiedTime":1700893122092}},{"hashValue":"e8fe54ebbdf42e11d5a5650881107db8","name":"8520417332356175859","path":"E:\\huawei\\project\\Rdb\\entry\\.preview\\default\\intermediates\\res\\default\\module_compiled\\8520417332356175859","type":"file","isSymbolicLink":false,"fileMetaData":{"size":150,"lastModifiedTime":1700893122099}},{"hashValue":"9d6ca80348dbd54baa1b826e63548a99","name":"874784608338979812","path":"E:\\huawei\\project\\Rdb\\entry\\.preview\\default\\intermediates\\res\\default\\module_compiled\\874784608338979812","type":"file","isSymbolicLink":false,"fileMetaData":{"size":118,"lastModifiedTime":1700893122102}},{"hashValue":"329bed0cda357839d7770b5cf0be6d27","name":"9109122355379044883","path":"E:\\huawei\\project\\Rdb\\entry\\.preview\\default\\intermediates\\res\\default\\module_compiled\\9109122355379044883","type":"file","isSymbolicLink":false,"fileMetaData":{"size":114,"lastModifiedTime":1700893122101}}]},{"hashValue":"9440ce1f6d85bf344fec1cd9e5b3bc0d","name":"module.json","path":"E:\\huawei\\project\\Rdb\\entry\\.preview\\default\\intermediates\\res\\default\\module.json","type":"file","isSymbolicLink":false,"fileMetaData":{"size":2021,"lastModifiedTime":1700893122215}},{"hashValue":"26d121c7a28836a2b3bd82fc86e9f076","name":"resources","path":"E:\\huawei\\project\\Rdb\\entry\\.preview\\default\\intermediates\\res\\default\\resources","type":"directory","isSymbolicLink":false,"children":[{"hashValue":"e3ce45627325c1322952289c9bffbce6","name":"base","path":"E:\\huawei\\project\\Rdb\\entry\\.preview\\default\\intermediates\\res\\default\\resources\\base","type":"directory","isSymbolicLink":false,"children":[{"hashValue":"6e876701ed29ff8a24074623c1f324f7","name":"profile","path":"E:\\huawei\\project\\Rdb\\entry\\.preview\\default\\intermediates\\res\\default\\resources\\base\\profile","type":"directory","isSymbolicLink":false,"children":[{"hashValue":"fd2fde5e7baebbd545cd5df58b2a26de","name":"main_pages.json","path":"E:\\huawei\\project\\Rdb\\entry\\.preview\\default\\intermediates\\res\\default\\resources\\base\\profile\\main_pages.json","type":"file","isSymbolicLink":false,"fileMetaData":{"size":43,"lastModifiedTime":1700893128599}}]}]},{"hashValue":"25cdba3b262bbb737f56bcd53c0e0227","name":"rawfile","path":"E:\\huawei\\project\\Rdb\\entry\\.preview\\default\\intermediates\\res\\default\\resources\\rawfile","type":"directory","isSymbolicLink":false,"children":[{"hashValue":"357e452e084e20c7337809a2eb091a0b","name":"111.png","path":"E:\\huawei\\project\\Rdb\\entry\\.preview\\default\\intermediates\\res\\default\\resources\\rawfile\\111.png","type":"file","isSymbolicLink":false,"fileMetaData":{"size":61768,"lastModifiedTime":1700552848457}},{"hashValue":"710b16bc4f9114a8a7b34da1dd347535","name":"add.png","path":"E:\\huawei\\project\\Rdb\\entry\\.preview\\default\\intermediates\\res\\default\\resources\\rawfile\\add.png","type":"file","isSymbolicLink":false,"fileMetaData":{"size":5415,"lastModifiedTime":1697790998000}},{"hashValue":"fff0578819f40912507461e644a87528","name":"delete.png","path":"E:\\huawei\\project\\Rdb\\entry\\.preview\\default\\intermediates\\res\\default\\resources\\rawfile\\delete.png","type":"file","isSymbolicLink":false,"fileMetaData":{"size":7908,"lastModifiedTime":1697790998000}},{"hashValue":"53c948aa1e0f0e99db99b248846d8cd2","name":"find.png","path":"E:\\huawei\\project\\Rdb\\entry\\.preview\\default\\intermediates\\res\\default\\resources\\rawfile\\find.png","type":"file","isSymbolicLink":false,"fileMetaData":{"size":3827,"lastModifiedTime":1700567299744}},{"hashValue":"2fcc782b437defcf1a88217c551835e6","name":"foods_selected.png","path":"E:\\huawei\\project\\Rdb\\entry\\.preview\\default\\intermediates\\res\\default\\resources\\rawfile\\foods_selected.png","type":"file","isSymbolicLink":false,"fileMetaData":{"size":4689,"lastModifiedTime":1697790998000}},{"hashValue":"c73bf440984a1c7a14ffd4e844437313","name":"foods.png","path":"E:\\huawei\\project\\Rdb\\entry\\.preview\\default\\intermediates\\res\\default\\resources\\rawfile\\foods.png","type":"file","isSymbolicLink":false,"fileMetaData":{"size":6233,"lastModifiedTime":1697790998000}},{"hashValue":"f81c43a701cd4790b193e518987bcb33","name":"fuel_selected.png","path":"E:\\huawei\\project\\Rdb\\entry\\.preview\\default\\intermediates\\res\\default\\resources\\rawfile\\fuel_selected.png","type":"file","isSymbolicLink":false,"fileMetaData":{"size":5214,"lastModifiedTime":1697790998000}},{"hashValue":"e23d8177b1b98485c55781100a9077d8","name":"fuel.png","path":"E:\\huawei\\project\\Rdb\\entry\\.preview\\default\\intermediates\\res\\default\\resources\\rawfile\\fuel.png","type":"file","isSymbolicLink":false,"fileMetaData":{"size":6832,"lastModifiedTime":1697790998000}},{"hashValue":"d7f1c3fa905c1d2d9975683e59119045","name":"games_selected.png","path":"E:\\huawei\\project\\Rdb\\entry\\.preview\\default\\intermediates\\res\\default\\resources\\rawfile\\games_selected.png","type":"file","isSymbolicLink":false,"fileMetaData":{"size":5500,"lastModifiedTime":1697790998000}},{"hashValue":"88421a7cadd8c959ec766fce5a32e324","name":"games.png","path":"E:\\huawei\\project\\Rdb\\entry\\.preview\\default\\intermediates\\res\\default\\resources\\rawfile\\games.png","type":"file","isSymbolicLink":false,"fileMetaData":{"size":7148,"lastModifiedTime":1697790998000}},{"hashValue":"54a4497efb41c7b76f95d639b50ca455","name":"half.png","path":"E:\\huawei\\project\\Rdb\\entry\\.preview\\default\\intermediates\\res\\default\\resources\\rawfile\\half.png","type":"file","isSymbolicLink":false,"fileMetaData":{"size":2323,"lastModifiedTime":1697790998000}},{"hashValue":"49b3fc5245c5f8407b026422b0794ed9","name":"ic_public_edit.svg","path":"E:\\huawei\\project\\Rdb\\entry\\.preview\\default\\intermediates\\res\\default\\resources\\rawfile\\ic_public_edit.svg","type":"file","isSymbolicLink":false,"fileMetaData":{"size":2725,"lastModifiedTime":1697790998000}},{"hashValue":"001c87ec62743d05e4ade7a1744ce585","name":"ic_public_input_search.svg","path":"E:\\huawei\\project\\Rdb\\entry\\.preview\\default\\intermediates\\res\\default\\resources\\rawfile\\ic_public_input_search.svg","type":"file","isSymbolicLink":false,"fileMetaData":{"size":1892,"lastModifiedTime":1697790998000}},{"hashValue":"4151536d1d12f8a9b60760c2866eb28a","name":"icon.png","path":"E:\\huawei\\project\\Rdb\\entry\\.preview\\default\\intermediates\\res\\default\\resources\\rawfile\\icon.png","type":"file","isSymbolicLink":false,"fileMetaData":{"size":6790,"lastModifiedTime":1697790998000}},{"hashValue":"7c05d9b3f9f262c83bec538f50b491bc","name":"icon1.png","path":"E:\\huawei\\project\\Rdb\\entry\\.preview\\default\\intermediates\\res\\default\\resources\\rawfile\\icon1.png","type":"file","isSymbolicLink":false,"fileMetaData":{"size":6817,"lastModifiedTime":1697790998000}},{"hashValue":"6f96df0987a440def2a06892a8f994b8","name":"income_selected.png","path":"E:\\huawei\\project\\Rdb\\entry\\.preview\\default\\intermediates\\res\\default\\resources\\rawfile\\income_selected.png","type":"file","isSymbolicLink":false,"fileMetaData":{"size":5208,"lastModifiedTime":1697790998000}},{"hashValue":"36421d6f26386daeb4ae77e58f2f4aaf","name":"income.png","path":"E:\\huawei\\project\\Rdb\\entry\\.preview\\default\\intermediates\\res\\default\\resources\\rawfile\\income.png","type":"file","isSymbolicLink":false,"fileMetaData":{"size":6544,"lastModifiedTime":1697790998000}},{"hashValue":"559e4e56fa2eff8135f0677e6d758736","name":"invest_selected.png","path":"E:\\huawei\\project\\Rdb\\entry\\.preview\\default\\intermediates\\res\\default\\resources\\rawfile\\invest_selected.png","type":"file","isSymbolicLink":false,"fileMetaData":{"size":4298,"lastModifiedTime":1697790998000}},{"hashValue":"f2a6c1931b17a33228c8e17e40c0c4f9","name":"invest.png","path":"E:\\huawei\\project\\Rdb\\entry\\.preview\\default\\intermediates\\res\\default\\resources\\rawfile\\invest.png","type":"file","isSymbolicLink":false,"fileMetaData":{"size":5731,"lastModifiedTime":1697790998000}},{"hashValue":"9035b813ab18947cc5b5e7e20f9f953f","name":"pets_selected.png","path":"E:\\huawei\\project\\Rdb\\entry\\.preview\\default\\intermediates\\res\\default\\resources\\rawfile\\pets_selected.png","type":"file","isSymbolicLink":false,"fileMetaData":{"size":6224,"lastModifiedTime":1697790998000}},{"hashValue":"50e76177685eec25db3f6bfa9938d937","name":"pets.png","path":"E:\\huawei\\project\\Rdb\\entry\\.preview\\default\\intermediates\\res\\default\\resources\\rawfile\\pets.png","type":"file","isSymbolicLink":false,"fileMetaData":{"size":8100,"lastModifiedTime":1697790998000}},{"hashValue":"2242039e1db0b6f731956c0c34708856","name":"search.png","path":"E:\\huawei\\project\\Rdb\\entry\\.preview\\default\\intermediates\\res\\default\\resources\\rawfile\\search.png","type":"file","isSymbolicLink":false,"fileMetaData":{"size":3478,"lastModifiedTime":1700811642745}},{"hashValue":"3df14bcf6adc8803234bbf61d5b7b44a","name":"snacks_selected.png","path":"E:\\huawei\\project\\Rdb\\entry\\.preview\\default\\intermediates\\res\\default\\resources\\rawfile\\snacks_selected.png","type":"file","isSymbolicLink":false,"fileMetaData":{"size":5592,"lastModifiedTime":1697790998000}},{"hashValue":"c49c692160e4bdec978ac5cb3ebe3ab8","name":"snacks.png","path":"E:\\huawei\\project\\Rdb\\entry\\.preview\\default\\intermediates\\res\\default\\resources\\rawfile\\snacks.png","type":"file","isSymbolicLink":false,"fileMetaData":{"size":7235,"lastModifiedTime":1697790998000}},{"hashValue":"b3e2b4120e1a131e2abcfb9e34152bdb","name":"travel_selected.png","path":"E:\\huawei\\project\\Rdb\\entry\\.preview\\default\\intermediates\\res\\default\\resources\\rawfile\\travel_selected.png","type":"file","isSymbolicLink":false,"fileMetaData":{"size":4860,"lastModifiedTime":1697790998000}},{"hashValue":"43000418b63180c815b4b4113cf2d56e","name":"travel.png","path":"E:\\huawei\\project\\Rdb\\entry\\.preview\\default\\intermediates\\res\\default\\resources\\rawfile\\travel.png","type":"file","isSymbolicLink":false,"fileMetaData":{"size":6395,"lastModifiedTime":1697790998000}}]}]},{"hashValue":"a8a4ea1819bd27c9468b059c9c331b15","name":"resources.index","path":"E:\\huawei\\project\\Rdb\\entry\\.preview\\default\\intermediates\\res\\default\\resources.index","type":"file","isSymbolicLink":false,"fileMetaData":{"size":2451,"lastModifiedTime":1700893122214}},{"hashValue":"d8c489a8a7571ab0cb9f82055b13f0da","name":"ResourceTable.txt","path":"E:\\huawei\\project\\Rdb\\entry\\.preview\\default\\intermediates\\res\\default\\ResourceTable.txt","type":"file","isSymbolicLink":false,"fileMetaData":{"size":1417,"lastModifiedTime":1700893122217}}]},"E:\\huawei\\project\\Rdb\\entry\\.preview\\default\\generated\\r\\default\\ResourceTable.h":{"hashValue":"da68d94634e99f049b4dfe9fc667db55","name":"ResourceTable.h","path":"E:\\huawei\\project\\Rdb\\entry\\.preview\\default\\generated\\r\\default\\ResourceTable.h","type":"file","isSymbolicLink":false,"fileMetaData":{"size":2922,"lastModifiedTime":1700893122216}},"E:\\huawei\\project\\Rdb\\entry\\.preview\\default\\generated\\r\\default":{"hashValue":"1e7e6b0c1e04545ed529f177d0460743","name":"default","path":"E:\\huawei\\project\\Rdb\\entry\\.preview\\default\\generated\\r\\default","type":"directory","isSymbolicLink":false,"children":[{"hashValue":"da68d94634e99f049b4dfe9fc667db55","name":"ResourceTable.h","path":"E:\\huawei\\project\\Rdb\\entry\\.preview\\default\\generated\\r\\default\\ResourceTable.h","type":"file","isSymbolicLink":false,"fileMetaData":{"size":2922,"lastModifiedTime":1700893122216}}]},"E:\\huawei\\project\\Rdb\\entry\\.preview\\config\\buildConfig.json":{"hashValue":"3825eb7c90c610128d8bc43ca55b98b0","name":"buildConfig.json","path":"E:\\huawei\\project\\Rdb\\entry\\.preview\\config\\buildConfig.json","type":"file","isSymbolicLink":false,"fileMetaData":{"size":1610,"lastModifiedTime":1700893121246}},"E:\\huawei\\project\\Rdb\\entry\\.preview\\default\\intermediates\\res\\default\\module.json":{"hashValue":"9440ce1f6d85bf344fec1cd9e5b3bc0d","name":"module.json","path":"E:\\huawei\\project\\Rdb\\entry\\.preview\\default\\intermediates\\res\\default\\module.json","type":"file","isSymbolicLink":false,"fileMetaData":{"size":2021,"lastModifiedTime":1700893122215}},"E:\\huawei\\project\\Rdb\\entry\\.preview\\default\\intermediates\\res\\default\\resources\\base\\profile\\main_pages.json":{"hashValue":"fd2fde5e7baebbd545cd5df58b2a26de","name":"main_pages.json","path":"E:\\huawei\\project\\Rdb\\entry\\.preview\\default\\intermediates\\res\\default\\resources\\base\\profile\\main_pages.json","type":"file","isSymbolicLink":false,"fileMetaData":{"size":43,"lastModifiedTime":1700893128599}},"E:\\huawei\\project\\Rdb\\entry\\.preview\\default\\intermediates\\loader\\default":{"hashValue":"63f10d305e3c64125270fed2b714d20f","name":"default","path":"E:\\huawei\\project\\Rdb\\entry\\.preview\\default\\intermediates\\loader\\default","type":"directory","isSymbolicLink":false,"children":[{"hashValue":"bcad7ab49466185805d1bfd4874a57d7","name":"loader.json","path":"E:\\huawei\\project\\Rdb\\entry\\.preview\\default\\intermediates\\loader\\default\\loader.json","type":"file","isSymbolicLink":false,"fileMetaData":{"size":321,"lastModifiedTime":1700893121819}}]},"E:\\huawei\\project\\Rdb\\entry\\.preview\\default\\intermediates\\res\\default\\ResourceTable.txt":{"hashValue":"d8c489a8a7571ab0cb9f82055b13f0da","name":"ResourceTable.txt","path":"E:\\huawei\\project\\Rdb\\entry\\.preview\\default\\intermediates\\res\\default\\ResourceTable.txt","type":"file","isSymbolicLink":false,"fileMetaData":{"size":1417,"lastModifiedTime":1700893122217}},"E:\\huawei\\project\\Rdb\\entry\\.preview\\default\\intermediates\\res\\default\\resources\\base\\profile":{"hashValue":"6e876701ed29ff8a24074623c1f324f7","name":"profile","path":"E:\\huawei\\project\\Rdb\\entry\\.preview\\default\\intermediates\\res\\default\\resources\\base\\profile","type":"directory","isSymbolicLink":false,"children":[{"hashValue":"fd2fde5e7baebbd545cd5df58b2a26de","name":"main_pages.json","path":"E:\\huawei\\project\\Rdb\\entry\\.preview\\default\\intermediates\\res\\default\\resources\\base\\profile\\main_pages.json","type":"file","isSymbolicLink":false,"fileMetaData":{"size":43,"lastModifiedTime":1700893128599}}]},"E:\\huawei\\project\\Rdb\\entry\\build\\default\\intermediates\\loader_out\\default\\js":{"hashValue":"","name":"emptyroot","path":"","type":"unknown","isSymbolicLink":false,"children":[]},"E:\\huawei\\project\\Rdb\\entry\\build\\default\\outputs\\default\\entry-default-signed.hap":{"hashValue":"","name":"emptyroot","path":"","type":"unknown","isSymbolicLink":false,"children":[]}}