{":Rdb:entry:default@PreBuild":{"_inputs":[{"dataType":"ValueEntry","value":"{\"_name\":\"BUILTIN_TASK_COMMAND\",\"_value\":\"\",\"_valueType\":\"string\",\"_hash\":\"0b5d05294fdf4e78e8482ef53eb64ac0\"}"},{"dataType":"ValueEntry","value":"{\"_name\":\"BUILTIN_TASK_ENV\",\"_value\":\"\",\"_valueType\":\"string\",\"_hash\":\"cdcdc2ec8062ca9ec1de46dbf2bbc053\"}"},{"dataType":"ValueEntry","value":"{\"_name\":\"BUILTIN_TASK_TOOLCHAIN\",\"_value\":\"\",\"_valueType\":\"string\",\"_hash\":\"e7f94a9422a8bc317a7d90b58efcb5f6\"}"},{"dataType":"ValueEntry","value":"{\"_name\":\"apiType\",\"_value\":\"stageMode\",\"_valueType\":\"string\",\"_hash\":\"699c7565645ea3ea8c88551a4926a3d5\"}"},{"dataType":"ValueEntry","value":"{\"_name\":\"codeType\",\"_value\":true,\"_valueType\":\"boolean\",\"_hash\":\"d6dcf21a9f078b661283507536e57ce8\"}"},{"dataType":"ValueEntry","value":"{\"_name\":\"compatibleApiVersion\",\"_value\":9,\"_valueType\":\"number\",\"_hash\":\"8f14da7cda665d5f6676adf8a127634f\"}"},{"dataType":"ValueEntry","value":"{\"_name\":\"compileApiVersion\",\"_value\":9,\"_valueType\":\"number\",\"_hash\":\"cdd5413832c7470f85f225c67a87a683\"}"},{"dataType":"ValueEntry","value":"{\"_name\":\"deviceType\",\"_value\":[\"phone\",\"tablet\"],\"_valueType\":\"object\",\"_hash\":\"6b8c09abb74b3d778d7ce1bc1efb26ef\"}"},{"dataType":"ValueEntry","value":"{\"_name\":\"isSupportOhpmProj\",\"_value\":true,\"_valueType\":\"boolean\",\"_hash\":\"f3a249d7e3f751316e931b8a08b074b4\"}"},{"dataType":"ValueEntry","value":"{\"_name\":\"profileModuleName\",\"_value\":\"entry\",\"_valueType\":\"string\",\"_hash\":\"b174ea6ff5824844dde5ad92f6b3ef2b\"}"},{"dataType":"ValueEntry","value":"{\"_name\":\"sdkToolchainsComponentVersion\",\"_value\":\"3.2.12.5\",\"_valueType\":\"string\",\"_hash\":\"cc722e03b3384cc9b37c649e4134fc99\"}"},{"dataType":"ValueEntry","value":"{\"_name\":\"targetStatusCode\",\"_value\":2,\"_valueType\":\"number\",\"_hash\":\"5a9255c0f4ee50904a9349ebafca8369\"}"}],"_successful":true,"_projectName":"Rdb","_moduleName":"entry","_taskName":"default@PreBuild","_key":":Rdb:entry:default@PreBuild","_executionId":":Rdb:entry:default@PreBuild:1700477471487","_inputFiles":{"dataType":"Map","value":[["E:\\huawei\\project\\Rdb\\AppScope\\app.json5",{"isDirectory":false,"fileSnapShotHashValue":"7520850a28fb7136b3cf739198f954c9"}],["E:\\huawei\\project\\Rdb\\entry\\src\\main\\module.json5",{"isDirectory":false,"fileSnapShotHashValue":"34399e10ca6b151b2d82555c4b86b17a"}]]},"_outputFiles":{"dataType":"Map","value":[]}},":Rdb:entry:default@GenerateMetadata":{"_inputs":[{"dataType":"ValueEntry","value":"{\"_name\":\"BUILTIN_TASK_COMMAND\",\"_value\":\"\",\"_valueType\":\"string\",\"_hash\":\"0b5d05294fdf4e78e8482ef53eb64ac0\"}"},{"dataType":"ValueEntry","value":"{\"_name\":\"BUILTIN_TASK_ENV\",\"_value\":\"\",\"_valueType\":\"string\",\"_hash\":\"cdcdc2ec8062ca9ec1de46dbf2bbc053\"}"},{"dataType":"ValueEntry","value":"{\"_name\":\"BUILTIN_TASK_TOOLCHAIN\",\"_value\":\"\",\"_valueType\":\"string\",\"_hash\":\"e7f94a9422a8bc317a7d90b58efcb5f6\"}"},{"dataType":"ValueEntry","value":"{\"_name\":\"entryModules\",\"_value\":[],\"_valueType\":\"object\",\"_hash\":\"aea18c73616ef065de1f5734ffcfeacd\"}"},{"dataType":"ValueEntry","value":"{\"_name\":\"existSigningConfig\",\"_value\":false,\"_valueType\":\"boolean\",\"_hash\":\"1577ffedb088f641d0438ac50d5978d5\"}"},{"dataType":"ValueEntry","value":"{\"_name\":\"moduleDeviceType\",\"_value\":[\"phone\",\"tablet\"],\"_valueType\":\"object\",\"_hash\":\"813bc33f3fdde783add9cb9f328a5b28\"}"},{"dataType":"ValueEntry","value":"{\"_name\":\"product\",\"_value\":\"default\",\"_valueType\":\"string\",\"_hash\":\"c78efd675257060e500cc4a185c4a166\"}"},{"dataType":"ValueEntry","value":"{\"_name\":\"sdkToolchainsComponentVersion\",\"_value\":\"3.2.12.5\",\"_valueType\":\"string\",\"_hash\":\"cc722e03b3384cc9b37c649e4134fc99\"}"},{"dataType":"ValueEntry","value":"{\"_name\":\"targetConfig\",\"_value\":\"{\\\"name\\\":\\\"default\\\",\\\"runtimeOS\\\":\\\"HarmonyOS\\\"}\",\"_valueType\":\"string\",\"_hash\":\"96bcd83382fb082c731eedf7bc0cf1dc\"}"}],"_successful":true,"_projectName":"Rdb","_moduleName":"entry","_taskName":"default@GenerateMetadata","_key":":Rdb:entry:default@GenerateMetadata","_executionId":":Rdb:entry:default@GenerateMetadata:1700477471611","_inputFiles":{"dataType":"Map","value":[["E:\\huawei\\project\\Rdb\\entry\\src\\main\\module.json5",{"fileSnapShotHashValue":"34399e10ca6b151b2d82555c4b86b17a"}]]},"_outputFiles":{"dataType":"Map","value":[["E:\\huawei\\project\\Rdb\\entry\\build\\default\\intermediates\\hap_metadata\\default\\output_metadata.json",{"fileSnapShotHashValue":"f728dc99afe7c278eabdd69917ba4bfe"}]]}},":Rdb:entry:default@MergeProfile":{"_inputs":[{"dataType":"ValueEntry","value":"{\"_name\":\"BUILTIN_TASK_COMMAND\",\"_value\":\"\",\"_valueType\":\"string\",\"_hash\":\"0b5d05294fdf4e78e8482ef53eb64ac0\"}"},{"dataType":"ValueEntry","value":"{\"_name\":\"BUILTIN_TASK_ENV\",\"_value\":\"\",\"_valueType\":\"string\",\"_hash\":\"cdcdc2ec8062ca9ec1de46dbf2bbc053\"}"},{"dataType":"ValueEntry","value":"{\"_name\":\"BUILTIN_TASK_TOOLCHAIN\",\"_value\":\"\",\"_valueType\":\"string\",\"_hash\":\"e7f94a9422a8bc317a7d90b58efcb5f6\"}"},{"dataType":"ValueEntry","value":"{\"_name\":\"asanEnable\",\"_value\":false,\"_valueType\":\"boolean\",\"_hash\":\"bc2129ba20a21b7e5234139ede1b4d7b\"}"},{"dataType":"ValueEntry","value":"{\"_name\":\"buildRoot\",\"_value\":\"build\",\"_valueType\":\"string\",\"_hash\":\"4c2dd7bb7507f74001ec27f2936db7f9\"}"},{"dataType":"ValueEntry","value":"{\"_name\":\"compatibleSdkVersion\",\"_value\":9,\"_valueType\":\"number\",\"_hash\":\"789a8631987a2e2b1a03b001c78d0180\"}"},{"dataType":"ValueEntry","value":"{\"_name\":\"isDebug\",\"_value\":true,\"_valueType\":\"boolean\",\"_hash\":\"edbf05a2d2be2c385e75d9565a48d419\"}"},{"dataType":"ValueEntry","value":"{\"_name\":\"isHarModule\",\"_value\":false,\"_valueType\":\"boolean\",\"_hash\":\"a15b7a3ed818faa99a4a10d67f52cb72\"}"},{"dataType":"ValueEntry","value":"{\"_name\":\"multiProjects\",\"_value\":false,\"_valueType\":\"boolean\",\"_hash\":\"555604752defc243b4e4c55d1549fc06\"}"},{"dataType":"ValueEntry","value":"{\"_name\":\"releaseType\",\"_value\":\"Release\",\"_valueType\":\"string\",\"_hash\":\"bbcabdda034e97584f8c36f85b3ec517\"}"},{"dataType":"ValueEntry","value":"{\"_name\":\"targetSdkVersion\",\"_value\":9,\"_valueType\":\"number\",\"_hash\":\"09b2bdc967d8b97f7b9bf4f19735497e\"}"}],"_successful":true,"_projectName":"Rdb","_moduleName":"entry","_taskName":"default@MergeProfile","_key":":Rdb:entry:default@MergeProfile","_executionId":":Rdb:entry:default@MergeProfile:1700893131000","_inputFiles":{"dataType":"Map","value":[["E:\\huawei\\project\\Rdb\\AppScope\\app.json5",{"fileSnapShotHashValue":"7520850a28fb7136b3cf739198f954c9"}],["E:\\huawei\\project\\Rdb\\entry\\src\\main\\module.json5",{"fileSnapShotHashValue":"34399e10ca6b151b2d82555c4b86b17a"}]]},"_outputFiles":{"dataType":"Map","value":[["E:\\huawei\\project\\Rdb\\entry\\build\\default\\intermediates\\merge_profile\\default\\module.json",{"fileSnapShotHashValue":"ec9ca58e2cbb67cd3ad5838c4d02fb40"}]]}},":Rdb:entry:default@GenerateLoaderJson":{"_inputs":[{"dataType":"ValueEntry","value":"{\"_name\":\"BUILTIN_TASK_COMMAND\",\"_value\":\"\",\"_valueType\":\"string\",\"_hash\":\"0b5d05294fdf4e78e8482ef53eb64ac0\"}"},{"dataType":"ValueEntry","value":"{\"_name\":\"BUILTIN_TASK_ENV\",\"_value\":\"\",\"_valueType\":\"string\",\"_hash\":\"cdcdc2ec8062ca9ec1de46dbf2bbc053\"}"},{"dataType":"ValueEntry","value":"{\"_name\":\"BUILTIN_TASK_TOOLCHAIN\",\"_value\":\"\",\"_valueType\":\"string\",\"_hash\":\"e7f94a9422a8bc317a7d90b58efcb5f6\"}"},{"dataType":"ValueEntry","value":"{\"_name\":\"aotCompileMode\",\"_value\":\"\",\"_valueType\":\"string\",\"_hash\":\"31b66e9c596cc61cb06cdecc08aaeb6c\"}"},{"dataType":"ValueEntry","value":"{\"_name\":\"apPath\",\"_value\":\"\",\"_valueType\":\"string\",\"_hash\":\"dabe59b8be9f1396c43dc319521a0027\"}"},{"dataType":"ValueEntry","value":"{\"_name\":\"compileMode\",\"_value\":\"esmodule\",\"_valueType\":\"string\",\"_hash\":\"dacafc8e0b77a950178a0b4d142dc32c\"}"},{"dataType":"ValueEntry","value":"{\"_name\":\"harNameOhmMap\",\"_value\":\"{}\",\"_valueType\":\"string\",\"_hash\":\"0faf006bccbcdc2c7f04ff2d8c87894f\"}"},{"dataType":"ValueEntry","value":"{\"_name\":\"modulePathMap\",\"_value\":\"{\\\"entry\\\":\\\"E:\\\\\\\\huawei\\\\\\\\project\\\\\\\\Rdb\\\\\\\\entry\\\"}\",\"_valueType\":\"string\",\"_hash\":\"a9c0e79e817384f4d39d9fa37645fe44\"}"},{"dataType":"ValueEntry","value":"{\"_name\":\"nodeModulesPath\",\"_value\":\"E:\\\\huawei\\\\project\\\\Rdb\\\\entry\\\\build\\\\default\\\\intermediates\\\\loader_out\\\\default\\\\node_modules\",\"_valueType\":\"string\",\"_hash\":\"c3e447bd8b12804f45bffaf617604123\"}"},{"dataType":"ValueEntry","value":"{\"_name\":\"projectRootPath\",\"_value\":\"E:\\\\huawei\\\\project\\\\Rdb\",\"_valueType\":\"string\",\"_hash\":\"23382cae60bd7c8cf4e86905883a7d56\"}"},{"dataType":"ValueEntry","value":"{\"_name\":\"targetConfig\",\"_value\":\"{\\\"name\\\":\\\"default\\\",\\\"runtimeOS\\\":\\\"HarmonyOS\\\"}\",\"_valueType\":\"string\",\"_hash\":\"96bcd83382fb082c731eedf7bc0cf1dc\"}"}],"_successful":true,"_projectName":"Rdb","_moduleName":"entry","_taskName":"default@GenerateLoaderJson","_key":":Rdb:entry:default@GenerateLoaderJson","_executionId":":Rdb:entry:default@GenerateLoaderJson:1700893131005","_inputFiles":{"dataType":"Map","value":[]},"_outputFiles":{"dataType":"Map","value":[["E:\\huawei\\project\\Rdb\\entry\\build\\default\\intermediates\\loader\\default\\loader.json",{"isDirectory":false,"fileSnapShotHashValue":"80d8a9ce9557c13db4ac382ff686625c"}]]}},":Rdb:entry:default@MakePackInfo":{"_inputs":[{"dataType":"ValueEntry","value":"{\"_name\":\"BUILTIN_TASK_COMMAND\",\"_value\":\"\",\"_valueType\":\"string\",\"_hash\":\"0b5d05294fdf4e78e8482ef53eb64ac0\"}"},{"dataType":"ValueEntry","value":"{\"_name\":\"BUILTIN_TASK_ENV\",\"_value\":\"\",\"_valueType\":\"string\",\"_hash\":\"cdcdc2ec8062ca9ec1de46dbf2bbc053\"}"},{"dataType":"ValueEntry","value":"{\"_name\":\"BUILTIN_TASK_TOOLCHAIN\",\"_value\":\"\",\"_valueType\":\"string\",\"_hash\":\"e7f94a9422a8bc317a7d90b58efcb5f6\"}"},{"dataType":"ValueEntry","value":"{\"_name\":\"compatibleSdkVersion\",\"_value\":9,\"_valueType\":\"number\",\"_hash\":\"789a8631987a2e2b1a03b001c78d0180\"}"},{"dataType":"ValueEntry","value":"{\"_name\":\"compileSdkVersion\",\"_value\":9,\"_valueType\":\"number\",\"_hash\":\"3d4d5df63426ff238569b8e54a6b76e3\"}"},{"dataType":"ValueEntry","value":"{\"_name\":\"deviceTypes\",\"_value\":[\"phone\",\"tablet\"],\"_valueType\":\"object\",\"_hash\":\"c166d88837153e59136adb6a4b649962\"}"},{"dataType":"ValueEntry","value":"{\"_name\":\"releaseType\",\"_value\":\"Release\",\"_valueType\":\"string\",\"_hash\":\"bbcabdda034e97584f8c36f85b3ec517\"}"}],"_successful":true,"_projectName":"Rdb","_moduleName":"entry","_taskName":"default@MakePackInfo","_key":":Rdb:entry:default@MakePackInfo","_executionId":":Rdb:entry:default@MakePackInfo:1700477471655","_inputFiles":{"dataType":"Map","value":[["E:\\huawei\\project\\Rdb\\AppScope\\app.json5",{"fileSnapShotHashValue":"7520850a28fb7136b3cf739198f954c9"}],["E:\\huawei\\project\\Rdb\\entry\\src\\main\\module.json5",{"fileSnapShotHashValue":"34399e10ca6b151b2d82555c4b86b17a"}]]},"_outputFiles":{"dataType":"Map","value":[["E:\\huawei\\project\\Rdb\\entry\\build\\default\\outputs\\default\\pack.info",{"fileSnapShotHashValue":"3c54dbdf0a5cca5c8a1e3d1ae1dfee7f"}]]}},":Rdb:entry:default@ProcessProfile":{"_inputs":[{"dataType":"ValueEntry","value":"{\"_name\":\"BUILTIN_TASK_COMMAND\",\"_value\":\"\",\"_valueType\":\"string\",\"_hash\":\"0b5d05294fdf4e78e8482ef53eb64ac0\"}"},{"dataType":"ValueEntry","value":"{\"_name\":\"BUILTIN_TASK_ENV\",\"_value\":\"\",\"_valueType\":\"string\",\"_hash\":\"cdcdc2ec8062ca9ec1de46dbf2bbc053\"}"},{"dataType":"ValueEntry","value":"{\"_name\":\"BUILTIN_TASK_TOOLCHAIN\",\"_value\":\"\",\"_valueType\":\"string\",\"_hash\":\"e7f94a9422a8bc317a7d90b58efcb5f6\"}"},{"dataType":"ValueEntry","value":"{\"_name\":\"arkEnable\",\"_value\":true,\"_valueType\":\"boolean\",\"_hash\":\"750b4bda198545a67903dfb3f6a00a95\"}"},{"dataType":"ValueEntry","value":"{\"_name\":\"compileMode\",\"_value\":\"esmodule\",\"_valueType\":\"string\",\"_hash\":\"dacafc8e0b77a950178a0b4d142dc32c\"}"},{"dataType":"ValueEntry","value":"{\"_name\":\"dependency\",\"_value\":\"[]\",\"_valueType\":\"string\",\"_hash\":\"ac54f3d4ced2d4c1d666d40e4f7c454a\"}"},{"dataType":"ValueEntry","value":"{\"_name\":\"deviceTypes\",\"_value\":[\"phone\",\"tablet\"],\"_valueType\":\"object\",\"_hash\":\"c166d88837153e59136adb6a4b649962\"}"}],"_successful":true,"_projectName":"Rdb","_moduleName":"entry","_taskName":"default@ProcessProfile","_key":":Rdb:entry:default@ProcessProfile","_executionId":":Rdb:entry:default@ProcessProfile:1700893131015","_inputFiles":{"dataType":"Map","value":[["E:\\huawei\\project\\Rdb\\entry\\build\\default\\intermediates\\merge_profile\\default\\module.json",{"fileSnapShotHashValue":"ec9ca58e2cbb67cd3ad5838c4d02fb40"}]]},"_outputFiles":{"dataType":"Map","value":[["E:\\huawei\\project\\Rdb\\entry\\build\\default\\intermediates\\process_profile\\default\\module.json",{"fileSnapShotHashValue":"e3cb028cec0b9cb70f09a3f5a43f4b27"}]]}},":Rdb:entry:default@ProcessResource":{"_inputs":[{"dataType":"ValueEntry","value":"{\"_name\":\"BUILTIN_TASK_COMMAND\",\"_value\":\"\",\"_valueType\":\"string\",\"_hash\":\"0b5d05294fdf4e78e8482ef53eb64ac0\"}"},{"dataType":"ValueEntry","value":"{\"_name\":\"BUILTIN_TASK_ENV\",\"_value\":\"\",\"_valueType\":\"string\",\"_hash\":\"cdcdc2ec8062ca9ec1de46dbf2bbc053\"}"},{"dataType":"ValueEntry","value":"{\"_name\":\"BUILTIN_TASK_TOOLCHAIN\",\"_value\":\"\",\"_valueType\":\"string\",\"_hash\":\"e7f94a9422a8bc317a7d90b58efcb5f6\"}"},{"dataType":"ValueEntry","value":"{\"_name\":\"resConfigJsonContent\",\"_value\":\"{\\\"configPath\\\":\\\"E:\\\\\\\\huawei\\\\\\\\project\\\\\\\\Rdb\\\\\\\\entry\\\\\\\\build\\\\\\\\default\\\\\\\\intermediates\\\\\\\\process_profile\\\\\\\\default\\\\\\\\module.json\\\",\\\"packageName\\\":\\\"com.example.rdb\\\",\\\"output\\\":\\\"E:\\\\\\\\huawei\\\\\\\\project\\\\\\\\Rdb\\\\\\\\entry\\\\\\\\build\\\\\\\\default\\\\\\\\intermediates\\\\\\\\res\\\\\\\\default\\\",\\\"moduleNames\\\":\\\"entry\\\",\\\"ResourceTable\\\":[\\\"E:\\\\\\\\huawei\\\\\\\\project\\\\\\\\Rdb\\\\\\\\entry\\\\\\\\build\\\\\\\\default\\\\\\\\generated\\\\\\\\r\\\\\\\\default\\\\\\\\ResourceTable.h\\\"],\\\"applicationResource\\\":\\\"E:\\\\\\\\huawei\\\\\\\\project\\\\\\\\Rdb\\\\\\\\AppScope\\\\\\\\resources\\\",\\\"moduleResources\\\":[\\\"E:\\\\\\\\huawei\\\\\\\\project\\\\\\\\Rdb\\\\\\\\entry\\\\\\\\src\\\\\\\\main\\\\\\\\resources\\\"],\\\"dependencies\\\":[]}\",\"_valueType\":\"string\",\"_hash\":\"951f3d31d406cbc480fa266c586c58c2\"}"}],"_successful":true,"_projectName":"Rdb","_moduleName":"entry","_taskName":"default@ProcessResource","_key":":Rdb:entry:default@ProcessResource","_executionId":":Rdb:entry:default@ProcessResource:1700477471817","_inputFiles":{"dataType":"Map","value":[]},"_outputFiles":{"dataType":"Map","value":[["E:\\huawei\\project\\Rdb\\entry\\build\\default\\intermediates\\res\\default\\resConfig.json",{"isDirectory":false,"fileSnapShotHashValue":"719f6b9d86be6a5f8590b5aee2c58d10"}]]}},":Rdb:entry:default@ProcessLibs":{"_inputs":[{"dataType":"ValueEntry","value":"{\"_name\":\"BUILTIN_TASK_COMMAND\",\"_value\":\"\",\"_valueType\":\"string\",\"_hash\":\"0b5d05294fdf4e78e8482ef53eb64ac0\"}"},{"dataType":"ValueEntry","value":"{\"_name\":\"BUILTIN_TASK_ENV\",\"_value\":\"\",\"_valueType\":\"string\",\"_hash\":\"cdcdc2ec8062ca9ec1de46dbf2bbc053\"}"},{"dataType":"ValueEntry","value":"{\"_name\":\"BUILTIN_TASK_TOOLCHAIN\",\"_value\":\"\",\"_valueType\":\"string\",\"_hash\":\"e7f94a9422a8bc317a7d90b58efcb5f6\"}"}],"_successful":true,"_projectName":"Rdb","_moduleName":"entry","_taskName":"default@ProcessLibs","_key":":Rdb:entry:default@ProcessLibs","_executionId":":Rdb:entry:default@ProcessLibs:1700477471820","_inputFiles":{"dataType":"Map","value":[]},"_outputFiles":{"dataType":"Map","value":[["E:\\huawei\\project\\Rdb\\entry\\build\\default\\intermediates\\libs\\default",{"isDirectory":true,"fileSnapShotHashValue":""}]]}},":Rdb:entry:default@CompileResource":{"_inputs":[{"dataType":"ValueEntry","value":"{\"_name\":\"BUILTIN_TASK_COMMAND\",\"_value\":\"E:\\\\huawei\\\\sdk\\\\openharmony\\\\9\\\\toolchains\\\\restool.exe,-l,E:\\\\huawei\\\\project\\\\Rdb\\\\entry\\\\build\\\\default\\\\intermediates\\\\res\\\\default\\\\resConfig.json\",\"_valueType\":\"string\",\"_hash\":\"04929223acd8ae4f15d1e7bd78e7b0e0\"}"},{"dataType":"ValueEntry","value":"{\"_name\":\"BUILTIN_TASK_ENV\",\"_value\":\"\",\"_valueType\":\"string\",\"_hash\":\"cdcdc2ec8062ca9ec1de46dbf2bbc053\"}"},{"dataType":"ValueEntry","value":"{\"_name\":\"BUILTIN_TASK_TOOLCHAIN\",\"_value\":\"E:\\\\huawei\\\\sdk\\\\openharmony\\\\9\\\\toolchains\\\\restool.exe\",\"_valueType\":\"string\",\"_hash\":\"3087789ffda84d1db9f041c4fe30113c\"}"},{"dataType":"ValueEntry","value":"{\"_name\":\"TARGET_CONFIG\",\"_value\":\"{\\\"name\\\":\\\"default\\\",\\\"runtimeOS\\\":\\\"HarmonyOS\\\"}\",\"_valueType\":\"string\",\"_hash\":\"d1734598343a94c88ec5404fdcdfa944\"}"}],"_successful":true,"_projectName":"Rdb","_moduleName":"entry","_taskName":"default@CompileResource","_key":":Rdb:entry:default@CompileResource","_executionId":":Rdb:entry:default@CompileResource:1700900995929","_inputFiles":{"dataType":"Map","value":[["E:\\huawei\\project\\Rdb\\entry\\src\\main\\resources",{"fileSnapShotHashValue":"03a5b4a070f6d2cce2f72a7e4a146f50"}],["E:\\huawei\\project\\Rdb\\AppScope\\resources",{"fileSnapShotHashValue":"2ce59069f292edd82a647bec4ba8b6d9"}],["E:\\huawei\\project\\Rdb\\entry\\build\\default\\intermediates\\process_profile\\default\\module.json",{"isDirectory":false,"fileSnapShotHashValue":"e3cb028cec0b9cb70f09a3f5a43f4b27"}],["E:\\huawei\\project\\Rdb\\entry\\build\\default\\intermediates\\res\\default\\resConfig.json",{"isDirectory":false,"fileSnapShotHashValue":"719f6b9d86be6a5f8590b5aee2c58d10"}]]},"_outputFiles":{"dataType":"Map","value":[["E:\\huawei\\project\\Rdb\\entry\\build\\default\\intermediates\\res\\default",{"isDirectory":true,"fileSnapShotHashValue":"4a1b5d9e0b0af8373d12e80b32485785"}],["E:\\huawei\\project\\Rdb\\entry\\build\\default\\generated\\r\\default\\ResourceTable.h",{"isDirectory":false,"fileSnapShotHashValue":"a43e84be64fcc5a2bb96e4d27bb8300c"}],["E:\\huawei\\project\\Rdb\\entry\\build\\default\\generated\\r\\default",{"isDirectory":true,"fileSnapShotHashValue":"fc16b54a69afd52144236f1b06baddf2"}]]}},":Rdb:entry:default@CompileArkTS":{"_inputs":[{"dataType":"ValueEntry","value":"{\"_name\":\"debuggable\",\"_value\":true,\"_valueType\":\"boolean\"}"},{"dataType":"ValueEntry","value":"{\"_name\":\"isArk\",\"_value\":true,\"_valueType\":\"boolean\"}"},{"dataType":"ValueEntry","value":"{\"_name\":\"needCoverageInsert\",\"_value\":false,\"_valueType\":\"boolean\"}"},{"dataType":"ValueEntry","value":"{\"_name\":\"arkTsWdiget\",\"_value\":false,\"_valueType\":\"boolean\"}"},{"dataType":"ValueEntry","value":"{\"_name\":\"BUILTIN_TASK_COMMAND\",\"_value\":\"\",\"_valueType\":\"string\"}"},{"dataType":"ValueEntry","value":"{\"_name\":\"BUILTIN_TASK_TOOLCHAIN\",\"_value\":\"\",\"_valueType\":\"string\"}"},{"dataType":"ValueEntry","value":"{\"_name\":\"BUILTIN_TASK_ENV\",\"_value\":\"\",\"_valueType\":\"string\"}"}],"_successful":true,"_projectName":"Rdb","_moduleName":"entry","_taskName":"default@CompileArkTS","_key":":Rdb:entry:default@CompileArkTS","_executionId":":Rdb:entry:default@CompileArkTS:1701003815398","_inputFiles":{"dataType":"Map","value":[["E:\\huawei\\project\\Rdb\\entry\\build\\default\\intermediates\\loader\\default",{"isDirectory":true,"fileSnapShotHashValue":"b3623d40f963e63fccf9985eb952ba76"}],["E:\\huawei\\project\\Rdb\\entry\\build\\default\\intermediates\\res\\default\\ResourceTable.txt",{"fileSnapShotHashValue":"d71a4a18d001a398c0fcd7cb0078f661"}],["E:\\huawei\\project\\Rdb\\entry\\build\\default\\intermediates\\res\\default\\module.json",{"fileSnapShotHashValue":"74a61dcbe79477cfeb483bf65a707b29"}],["E:\\huawei\\project\\Rdb\\entry\\build\\default\\intermediates\\res\\default\\resources\\base\\profile",{"isDirectory":true,"fileSnapShotHashValue":"ff1e4c21172a336fcc156da67b688cd7"}],["E:\\huawei\\project\\Rdb\\entry\\src\\main\\ets",{"isDirectory":true,"fileSnapShotHashValue":"9793741772b43ae29fc897c11310b575"}]]},"_outputFiles":{"dataType":"Map","value":[["E:\\huawei\\project\\Rdb\\entry\\build\\default\\intermediates\\loader_out\\default\\ets",{"isDirectory":true,"fileSnapShotHashValue":"44fc7f4a91d44397435f943ead9fad4a"}]]}},":Rdb:entry:default@CompileJS":{"_inputs":[{"dataType":"ValueEntry","value":"{\"_name\":\"debuggable\",\"_value\":true,\"_valueType\":\"boolean\"}"},{"dataType":"ValueEntry","value":"{\"_name\":\"isArk\",\"_value\":true,\"_valueType\":\"boolean\"}"},{"dataType":"ValueEntry","value":"{\"_name\":\"needCoverageInsert\",\"_value\":false,\"_valueType\":\"boolean\"}"},{"dataType":"ValueEntry","value":"{\"_name\":\"BUILTIN_TASK_COMMAND\",\"_value\":\"\",\"_valueType\":\"string\"}"},{"dataType":"ValueEntry","value":"{\"_name\":\"BUILTIN_TASK_TOOLCHAIN\",\"_value\":\"\",\"_valueType\":\"string\"}"},{"dataType":"ValueEntry","value":"{\"_name\":\"BUILTIN_TASK_ENV\",\"_value\":\"\",\"_valueType\":\"string\"}"}],"_successful":true,"_projectName":"Rdb","_moduleName":"entry","_taskName":"default@CompileJS","_key":":Rdb:entry:default@CompileJS","_executionId":":Rdb:entry:default@CompileJS:1701003815420","_inputFiles":{"dataType":"Map","value":[["E:\\huawei\\project\\Rdb\\entry\\build\\default\\intermediates\\loader\\default",{"isDirectory":true,"fileSnapShotHashValue":"b3623d40f963e63fccf9985eb952ba76"}],["E:\\huawei\\project\\Rdb\\entry\\build\\default\\intermediates\\res\\default\\ResourceTable.txt",{"fileSnapShotHashValue":"d71a4a18d001a398c0fcd7cb0078f661"}],["E:\\huawei\\project\\Rdb\\entry\\build\\default\\intermediates\\res\\default\\module.json",{"fileSnapShotHashValue":"74a61dcbe79477cfeb483bf65a707b29"}],["E:\\huawei\\project\\Rdb\\entry\\build\\default\\intermediates\\res\\default\\resources\\base\\profile",{"isDirectory":true,"fileSnapShotHashValue":"ff1e4c21172a336fcc156da67b688cd7"}]]},"_outputFiles":{"dataType":"Map","value":[["E:\\huawei\\project\\Rdb\\entry\\build\\default\\intermediates\\loader_out\\default\\js",{"isDirectory":true,"fileSnapShotHashValue":""}]]}},":Rdb:entry:default@PackageHap":{"_inputs":[{"dataType":"ValueEntry","value":"{\"_name\":\"hotReload\",\"_value\":false,\"_valueType\":\"boolean\"}"},{"dataType":"ValueEntry","value":"{\"_name\":\"BUILTIN_TASK_COMMAND\",\"_value\":\"java,-Dfile.encoding=utf-8,-jar,E:\\\\huawei\\\\sdk\\\\openharmony\\\\9\\\\toolchains\\\\lib\\\\app_packing_tool.jar,--mode,hap,--force,true,--lib-path,E:\\\\huawei\\\\project\\\\Rdb\\\\entry\\\\build\\\\default\\\\intermediates\\\\libs\\\\default,--json-path,E:\\\\huawei\\\\project\\\\Rdb\\\\entry\\\\build\\\\default\\\\intermediates\\\\res\\\\default\\\\module.json,--resources-path,E:\\\\huawei\\\\project\\\\Rdb\\\\entry\\\\build\\\\default\\\\intermediates\\\\res\\\\default\\\\resources,--index-path,E:\\\\huawei\\\\project\\\\Rdb\\\\entry\\\\build\\\\default\\\\intermediates\\\\res\\\\default\\\\resources.index,--pack-info-path,E:\\\\huawei\\\\project\\\\Rdb\\\\entry\\\\build\\\\default\\\\outputs\\\\default\\\\pack.info,--out-path,E:\\\\huawei\\\\project\\\\Rdb\\\\entry\\\\build\\\\default\\\\outputs\\\\default\\\\entry-default-unsigned.hap,--ets-path,E:\\\\huawei\\\\project\\\\Rdb\\\\entry\\\\build\\\\default\\\\intermediates\\\\loader_out\\\\default\\\\ets\",\"_valueType\":\"string\"}"},{"dataType":"ValueEntry","value":"{\"_name\":\"BUILTIN_TASK_TOOLCHAIN\",\"_value\":\"E:\\\\huawei\\\\sdk\\\\openharmony\\\\9\\\\toolchains\\\\lib\\\\app_packing_tool.jar\",\"_valueType\":\"string\"}"},{"dataType":"ValueEntry","value":"{\"_name\":\"BUILTIN_TASK_ENV\",\"_value\":\"\",\"_valueType\":\"string\"}"}],"_successful":true,"_projectName":"Rdb","_moduleName":"entry","_taskName":"default@PackageHap","_key":":Rdb:entry:default@PackageHap","_executionId":":Rdb:entry:default@PackageHap:1701003820704","_inputFiles":{"dataType":"Map","value":[["E:\\huawei\\project\\Rdb\\entry\\build\\default\\intermediates\\libs\\default",{"isDirectory":false,"fileSnapShotHashValue":""}],["E:\\huawei\\project\\Rdb\\entry\\build\\default\\intermediates\\res\\default\\module.json",{"isDirectory":false,"fileSnapShotHashValue":"74a61dcbe79477cfeb483bf65a707b29"}],["E:\\huawei\\project\\Rdb\\entry\\build\\default\\intermediates\\res\\default\\resources",{"isDirectory":false,"fileSnapShotHashValue":"20ca62de9cb894b11786e7f90d4d0a4a"}],["E:\\huawei\\project\\Rdb\\entry\\build\\default\\intermediates\\res\\default\\resources.index",{"isDirectory":false,"fileSnapShotHashValue":"d33bb12a839d4d6de0492af4826a91d7"}],["E:\\huawei\\project\\Rdb\\entry\\build\\default\\outputs\\default\\pack.info",{"isDirectory":false,"fileSnapShotHashValue":"3c54dbdf0a5cca5c8a1e3d1ae1dfee7f"}],["E:\\huawei\\project\\Rdb\\entry\\build\\default\\intermediates\\loader_out\\default\\ets",{"isDirectory":false,"fileSnapShotHashValue":"44fc7f4a91d44397435f943ead9fad4a"}]]},"_outputFiles":{"dataType":"Map","value":[["E:\\huawei\\project\\Rdb\\entry\\build\\default\\outputs\\default\\entry-default-unsigned.hap",{"isDirectory":false,"fileSnapShotHashValue":"e3bc214dc631be063c2572b73499cd46"}]]}},":Rdb:entry:default@SignHap":{"_inputs":[{"dataType":"ValueEntry","value":"{\"_name\":\"sdkToolchainsComponentVersion\",\"_value\":\"3.2.12.5\",\"_valueType\":\"string\"}"},{"dataType":"ValueEntry","value":"{\"_name\":\"existSigningConfig\",\"_value\":false,\"_valueType\":\"boolean\"}"},{"dataType":"ValueEntry","value":"{\"_name\":\"BUILTIN_TASK_COMMAND\",\"_value\":\"\",\"_valueType\":\"string\"}"},{"dataType":"ValueEntry","value":"{\"_name\":\"BUILTIN_TASK_TOOLCHAIN\",\"_value\":\"\",\"_valueType\":\"string\"}"},{"dataType":"ValueEntry","value":"{\"_name\":\"BUILTIN_TASK_ENV\",\"_value\":\"\",\"_valueType\":\"string\"}"}],"_successful":true,"_projectName":"Rdb","_moduleName":"entry","_taskName":"default@SignHap","_key":":Rdb:entry:default@SignHap","_executionId":":Rdb:entry:default@SignHap:1701003822120","_inputFiles":{"dataType":"Map","value":[["E:\\huawei\\project\\Rdb\\entry\\build\\default\\outputs\\default\\entry-default-unsigned.hap",{"isDirectory":false,"fileSnapShotHashValue":"e3bc214dc631be063c2572b73499cd46"}]]},"_outputFiles":{"dataType":"Map","value":[["E:\\huawei\\project\\Rdb\\entry\\build\\default\\outputs\\default\\entry-default-signed.hap",{"isDirectory":false,"fileSnapShotHashValue":""}]]}},":Rdb:entry:default@PreviewProcessResource":{"_inputs":[{"dataType":"ValueEntry","value":"{\"_name\":\"previewCompileResourcesCommand\",\"_value\":\"{\\\"commandList\\\":[\\\"E:\\\\\\\\huawei\\\\\\\\sdk\\\\\\\\openharmony\\\\\\\\9\\\\\\\\toolchains\\\\\\\\restool.exe\\\",\\\"-m\\\",\\\"entry\\\",\\\"-f\\\",\\\"-j\\\",\\\"E:\\\\\\\\huawei\\\\\\\\project\\\\\\\\Rdb\\\\\\\\entry\\\\\\\\.preview\\\\\\\\default\\\\\\\\intermediates\\\\\\\\process_profile\\\\\\\\default\\\\\\\\module.json\\\",\\\"-p\\\",\\\"com.example.rdb\\\",\\\"-o\\\",\\\"E:\\\\\\\\huawei\\\\\\\\project\\\\\\\\Rdb\\\\\\\\entry\\\\\\\\.preview\\\\\\\\default\\\\\\\\intermediates\\\\\\\\res\\\\\\\\default\\\",\\\"-r\\\",\\\"E:\\\\\\\\huawei\\\\\\\\project\\\\\\\\Rdb\\\\\\\\entry\\\\\\\\.preview\\\\\\\\default\\\\\\\\generated\\\\\\\\r\\\\\\\\default\\\\\\\\ResourceTable.h\\\"],\\\"inputFiles\\\":{\\\"_group\\\":{}},\\\"outputFiles\\\":{\\\"_group\\\":{}},\\\"existsResourceDir\\\":true,\\\"restoolLinkParamObj\\\":{\\\"appScopeResources\\\":\\\"E:\\\\\\\\huawei\\\\\\\\project\\\\\\\\Rdb\\\\\\\\AppScope\\\\\\\\resources\\\",\\\"moduleResourcesMap\\\":{},\\\"harResourcesMap\\\":{},\\\"outputPath\\\":\\\"E:\\\\\\\\huawei\\\\\\\\project\\\\\\\\Rdb\\\\\\\\entry\\\\\\\\.preview\\\\\\\\default\\\\\\\\intermediates\\\\\\\\res\\\\\\\\default\\\",\\\"linkCommand\\\":[\\\"E:\\\\\\\\huawei\\\\\\\\sdk\\\\\\\\openharmony\\\\\\\\9\\\\\\\\toolchains\\\\\\\\restool.exe\\\",\\\"-m\\\",\\\"entry\\\",\\\"-f\\\",\\\"-j\\\",\\\"E:\\\\\\\\huawei\\\\\\\\project\\\\\\\\Rdb\\\\\\\\entry\\\\\\\\.preview\\\\\\\\default\\\\\\\\intermediates\\\\\\\\process_profile\\\\\\\\default\\\\\\\\module.json\\\",\\\"-p\\\",\\\"com.example.rdb\\\",\\\"-r\\\",\\\"E:\\\\\\\\huawei\\\\\\\\project\\\\\\\\Rdb\\\\\\\\entry\\\\\\\\.preview\\\\\\\\default\\\\\\\\generated\\\\\\\\r\\\\\\\\default\\\\\\\\ResourceTable.h\\\",\\\"-z\\\"]}}\",\"_valueType\":\"string\"}"},{"dataType":"ValueEntry","value":"{\"_name\":\"BUILTIN_TASK_COMMAND\",\"_value\":\"\",\"_valueType\":\"string\"}"},{"dataType":"ValueEntry","value":"{\"_name\":\"BUILTIN_TASK_TOOLCHAIN\",\"_value\":\"\",\"_valueType\":\"string\"}"},{"dataType":"ValueEntry","value":"{\"_name\":\"BUILTIN_TASK_ENV\",\"_value\":\"\",\"_valueType\":\"string\"}"}],"_successful":true,"_projectName":"Rdb","_moduleName":"entry","_taskName":"default@PreviewProcessResource","_key":":Rdb:entry:default@PreviewProcessResource","_executionId":":Rdb:entry:default@PreviewProcessResource:1700893121957","_inputFiles":{"dataType":"Map","value":[]},"_outputFiles":{"dataType":"Map","value":[["{\"commandList\":[\"E:\\\\huawei\\\\sdk\\\\openharmony\\\\9\\\\toolchains\\\\restool.exe\",\"-m\",\"entry\",\"-f\",\"-j\",\"E:\\\\huawei\\\\project\\\\Rdb\\\\entry\\\\.preview\\\\default\\\\intermediates\\\\process_profile\\\\default\\\\module.json\",\"-p\",\"com.example.rdb\",\"-o\",\"E:\\\\huawei\\\\project\\\\Rdb\\\\entry\\\\.preview\\\\default\\\\intermediates\\\\res\\\\default\",\"-r\",\"E:\\\\huawei\\\\project\\\\Rdb\\\\entry\\\\.preview\\\\default\\\\generated\\\\r\\\\default\\\\ResourceTable.h\"],\"inputFiles\":{\"_group\":{}},\"outputFiles\":{\"_group\":{}},\"existsResourceDir\":true,\"restoolLinkParamObj\":{\"appScopeResources\":\"E:\\\\huawei\\\\project\\\\Rdb\\\\AppScope\\\\resources\",\"moduleResourcesMap\":{},\"harResourcesMap\":{},\"outputPath\":\"E:\\\\huawei\\\\project\\\\Rdb\\\\entry\\\\.preview\\\\default\\\\intermediates\\\\res\\\\default\",\"linkCommand\":[\"E:\\\\huawei\\\\sdk\\\\openharmony\\\\9\\\\toolchains\\\\restool.exe\",\"-m\",\"entry\",\"-f\",\"-j\",\"E:\\\\huawei\\\\project\\\\Rdb\\\\entry\\\\.preview\\\\default\\\\intermediates\\\\process_profile\\\\default\\\\module.json\",\"-p\",\"com.example.rdb\",\"-r\",\"E:\\\\huawei\\\\project\\\\Rdb\\\\entry\\\\.preview\\\\default\\\\generated\\\\r\\\\default\\\\ResourceTable.h\",\"-z\"]}}",{"isDirectory":false,"fileSnapShotHashValue":""}]]}},":Rdb:entry:default@PreviewCompileResource":{"_inputs":[{"dataType":"ValueEntry","value":"{\"_name\":\"PREVIEWER_REPLACE_PAGE\",\"_valueType\":\"undefined\"}"},{"dataType":"ValueEntry","value":"{\"_name\":\"PREVIEWER_REPLACE_SRCPATH\",\"_valueType\":\"undefined\"}"},{"dataType":"ValueEntry","value":"{\"_name\":\"TARGET_CONFIG\",\"_value\":\"{\\\"name\\\":\\\"default\\\",\\\"runtimeOS\\\":\\\"HarmonyOS\\\"}\",\"_valueType\":\"string\"}"},{"dataType":"ValueEntry","value":"{\"_name\":\"BUILTIN_TASK_COMMAND\",\"_value\":\"\",\"_valueType\":\"string\"}"},{"dataType":"ValueEntry","value":"{\"_name\":\"BUILTIN_TASK_TOOLCHAIN\",\"_value\":\"E:\\\\huawei\\\\sdk\\\\openharmony\\\\9\\\\toolchains\\\\restool.exe\",\"_valueType\":\"string\"}"},{"dataType":"ValueEntry","value":"{\"_name\":\"BUILTIN_TASK_ENV\",\"_value\":\"\",\"_valueType\":\"string\"}"}],"_successful":true,"_projectName":"Rdb","_moduleName":"entry","_taskName":"default@PreviewCompileResource","_key":":Rdb:entry:default@PreviewCompileResource","_executionId":":Rdb:entry:default@PreviewCompileResource:1700893121961","_inputFiles":{"dataType":"Map","value":[["E:\\huawei\\project\\Rdb\\entry\\src\\main\\resources",{"fileSnapShotHashValue":"dee052a79ce2593fdba0794f392628ee"}],["E:\\huawei\\project\\Rdb\\AppScope\\resources",{"fileSnapShotHashValue":"2ce59069f292edd82a647bec4ba8b6d9"}],["E:\\huawei\\project\\Rdb\\entry\\.preview\\default\\intermediates\\process_profile\\default\\module.json",{"isDirectory":false,"fileSnapShotHashValue":"299e34d4797cc9a4507340f74d839df8"}]]},"_outputFiles":{"dataType":"Map","value":[["E:\\huawei\\project\\Rdb\\entry\\.preview\\default\\intermediates\\res\\default",{"isDirectory":true,"fileSnapShotHashValue":"324cc036701067f81bcb0520e2a5777e"}],["E:\\huawei\\project\\Rdb\\entry\\.preview\\default\\generated\\r\\default\\ResourceTable.h",{"isDirectory":false,"fileSnapShotHashValue":"da68d94634e99f049b4dfe9fc667db55"}],["E:\\huawei\\project\\Rdb\\entry\\.preview\\default\\generated\\r\\default",{"isDirectory":true,"fileSnapShotHashValue":"1e7e6b0c1e04545ed529f177d0460743"}]]}},":Rdb:entry:default@PreviewUpdateAssets":{"_inputs":[{"dataType":"ValueEntry","value":"{\"_name\":\"BUILTIN_TASK_COMMAND\",\"_value\":\"\",\"_valueType\":\"string\"}"},{"dataType":"ValueEntry","value":"{\"_name\":\"BUILTIN_TASK_TOOLCHAIN\",\"_value\":\"\",\"_valueType\":\"string\"}"},{"dataType":"ValueEntry","value":"{\"_name\":\"BUILTIN_TASK_ENV\",\"_value\":\"\",\"_valueType\":\"string\"}"}],"_successful":true,"_projectName":"Rdb","_moduleName":"entry","_taskName":"default@PreviewUpdateAssets","_key":":Rdb:entry:default@PreviewUpdateAssets","_executionId":":Rdb:entry:default@PreviewUpdateAssets:1700893122232","_inputFiles":{"dataType":"Map","value":[["E:\\huawei\\project\\Rdb\\entry\\.preview\\config\\buildConfig.json",{"isDirectory":false,"fileSnapShotHashValue":"3825eb7c90c610128d8bc43ca55b98b0"}]]},"_outputFiles":{"dataType":"Map","value":[["E:\\huawei\\project\\Rdb\\entry\\.preview\\default\\intermediates\\res\\default\\module.json",{"isDirectory":false,"fileSnapShotHashValue":"9440ce1f6d85bf344fec1cd9e5b3bc0d"}],["E:\\huawei\\project\\Rdb\\entry\\.preview\\default\\intermediates\\res\\default\\resources\\base\\profile\\main_pages.json",{"isDirectory":false,"fileSnapShotHashValue":"fd2fde5e7baebbd545cd5df58b2a26de"}]]}},":Rdb:entry:default@PreviewArkTS":{"_inputs":[{"dataType":"ValueEntry","value":"{\"_name\":\"debuggable\",\"_value\":true,\"_valueType\":\"boolean\"}"},{"dataType":"ValueEntry","value":"{\"_name\":\"isArk\",\"_value\":true,\"_valueType\":\"boolean\"}"},{"dataType":"ValueEntry","value":"{\"_name\":\"needCoverageInsert\",\"_value\":false,\"_valueType\":\"boolean\"}"},{"dataType":"ValueEntry","value":"{\"_name\":\"arkTsWdiget\",\"_value\":false,\"_valueType\":\"boolean\"}"},{"dataType":"ValueEntry","value":"{\"_name\":\"BUILTIN_TASK_COMMAND\",\"_value\":\"\",\"_valueType\":\"string\"}"},{"dataType":"ValueEntry","value":"{\"_name\":\"BUILTIN_TASK_TOOLCHAIN\",\"_value\":\"\",\"_valueType\":\"string\"}"},{"dataType":"ValueEntry","value":"{\"_name\":\"BUILTIN_TASK_ENV\",\"_value\":\"\",\"_valueType\":\"string\"}"}],"_successful":true,"_projectName":"Rdb","_moduleName":"entry","_taskName":"default@PreviewArkTS","_key":":Rdb:entry:default@PreviewArkTS","_executionId":":Rdb:entry:default@PreviewArkTS:1700893122237","_inputFiles":{"dataType":"Map","value":[["E:\\huawei\\project\\Rdb\\entry\\.preview\\default\\intermediates\\loader\\default",{"isDirectory":true,"fileSnapShotHashValue":"63f10d305e3c64125270fed2b714d20f"}],["E:\\huawei\\project\\Rdb\\entry\\.preview\\default\\intermediates\\res\\default\\ResourceTable.txt",{"fileSnapShotHashValue":"d8c489a8a7571ab0cb9f82055b13f0da"}],["E:\\huawei\\project\\Rdb\\entry\\.preview\\default\\intermediates\\res\\default\\module.json",{"fileSnapShotHashValue":"9440ce1f6d85bf344fec1cd9e5b3bc0d"}],["E:\\huawei\\project\\Rdb\\entry\\.preview\\default\\intermediates\\res\\default\\resources\\base\\profile",{"isDirectory":true,"fileSnapShotHashValue":"6e876701ed29ff8a24074623c1f324f7"}],["E:\\huawei\\project\\Rdb\\entry\\src\\main\\ets",{"isDirectory":true,"fileSnapShotHashValue":"22fcdd1fc5cab247f2e7e8b0a8a5a7b8"}]]},"_outputFiles":{"dataType":"Map","value":[["E:\\huawei\\project\\Rdb\\entry\\.preview\\default\\intermediates\\loader_out\\default\\ets",{"isDirectory":true,"fileSnapShotHashValue":""}]]}}}